filepath,trick_name,category,rotation,stance,player,place,note
basic_trick/Ollie/Ollie_1.mov,Ollie,basic_trick,None,Goofy,A,miya,
basic_trick/Ollie/Ollie_2.mov,Ollie,basic_trick,None,Goofy,A,miya,
basic_trick/Ollie/Ollie_3.mov,Ollie,basic_trick,None,Goofy,A,miya,
basic_trick/Ollie/Ollie_4.mov,Ollie,basic_trick,None,Goofy,A,miya,
basic_trick/Ollie/Ollie_5.mov,Ollie,basic_trick,None,Goofy,A,miya,
basic_trick/Ollie/Ollie_6.mov,Ollie,basic_trick,None,Goofy,A,miya,
basic_trick/Ollie/Ollie_7.mov,Ollie,basic_trick,None,Goofy,A,miya,
basic_trick/Ollie/Ollie_8.mov,Ollie,basic_trick,None,Goofy,A,miya,
basic_trick/Ollie/Ollie_9.mov,Ollie,basic_trick,None,Goofy,A,miya,
basic_trick/Ollie/Ollie_10.mov,Ollie,basic_trick,None,Goofy,A,miya,
basic_trick/Ollie/Ollie_11.mov,Ollie,basic_trick,None,Goofy,A,miya,
basic_trick/Ollie/Ollie_12.mov,Ollie,basic_trick,None,Goofy,A,miya,
basic_trick/Ollie/Ollie_13.mov,Ollie,basic_trick,None,Goofy,A,miya,
basic_trick/Ollie/Ollie_14.mov,Ollie,basic_trick,None,Goofy,A,miya,
basic_trick/Ollie/Ollie_15.mov,Ollie,basic_trick,None,Goofy,A,miya,
basic_trick/Ollie/Ollie_16.mov,Ollie,basic_trick,None,Goofy,A,miya,
basic_trick/Ollie/Ollie_17.mov,Ollie,basic_trick,None,Goofy,A,miya,
basic_trick/Ollie/Ollie_18.mov,Ollie,basic_trick,None,Goofy,A,miya,
basic_trick/Ollie/Ollie_19.mov,Ollie,basic_trick,None,Goofy,A,miya,
basic_trick/Ollie/Ollie_20.mov,Ollie,basic_trick,None,Goofy,A,dozo,
basic_trick/Ollie/Ollie_21.mov,Ollie,basic_trick,None,Goofy,A,dozo,
basic_trick/Ollie/Ollie_22.mov,Ollie,basic_trick,None,Goofy,B,dozo,
basic_trick/Ollie/Ollie_23.mov,Ollie,basic_trick,None,Goofy,A,dozo,
basic_trick/Ollie/Ollie_24.mov,Ollie,basic_trick,None,Goofy,A,dozo,
basic_trick/Ollie/Ollie_25.mov,Ollie,basic_trick,None,Goofy,B,dozo,
basic_trick/Ollie/Ollie_26.mov,Ollie,basic_trick,None,Goofy,A,dozo,
basic_trick/Ollie/Ollie_27.mov,Ollie,basic_trick,None,Goofy,B,dozo,
basic_trick/Ollie/Ollie_28.mov,Ollie,basic_trick,None,Goofy,B,dozo,
basic_trick/Ollie/Ollie_29.mov,Ollie,basic_trick,None,Goofy,A,dozo,
basic_trick/Ollie/Ollie_30.mov,Ollie,basic_trick,None,Goofy,A,dozo,
basic_trick/Ollie/Ollie_31.mov,Ollie,basic_trick,None,Goofy,A,dozo,
basic_trick/Ollie/Ollie_32.mov,Ollie,basic_trick,None,Goofy,A,dozo,
basic_trick/Ollie/Ollie_33.mov,Ollie,basic_trick,None,Goofy,A,dozo,
basic_trick/Ollie/Ollie_34.mov,Ollie,basic_trick,None,Goofy,A,dozo,
basic_trick/Ollie/Ollie_35.mov,Ollie,basic_trick,None,Goofy,A,dozo,
basic_trick/Ollie/Ollie_36.mov,Ollie,basic_trick,None,Goofy,A,dozo,
basic_trick/Ollie/Ollie_37.mov,Ollie,basic_trick,None,Goofy,A,dozo,
basic_trick/Ollie/Ollie_38.mov,Ollie,basic_trick,None,Goofy,A,dozo,
basic_trick/Ollie/Ollie_39.mov,Ollie,basic_trick,None,Goofy,A,dozo,
basic_trick/Ollie/Ollie_40.mov,Ollie,basic_trick,None,Goofy,A,dozo,
basic_trick/Ollie/Ollie_41.mov,Ollie,basic_trick,None,Goofy,A,dozo,
basic_trick/Ollie/Ollie_42.mov,Ollie,basic_trick,None,Goofy,A,dozo,
basic_trick/Ollie/Ollie_43.mov,Ollie,basic_trick,None,Goofy,A,dozo,
basic_trick/Ollie/Ollie_44.mov,Ollie,basic_trick,None,Goofy,A,dozo,
basic_trick/Ollie/Ollie_45.mov,Ollie,basic_trick,None,Goofy,A,dozo,
basic_trick/Ollie/Ollie_46.mov,Ollie,basic_trick,None,Goofy,A,dozo,
basic_trick/Ollie/Ollie_47.mov,Ollie,basic_trick,None,Goofy,A,dozo,
basic_trick/Ollie/Ollie_48.mov,Ollie,basic_trick,None,Goofy,A,dozo,
basic_trick/Ollie/Ollie_49.mov,Ollie,basic_trick,None,Goofy,A,dozo,
basic_trick/Ollie/Ollie_50.mov,Ollie,basic_trick,None,Goofy,A,dozo,
basic_trick/Shuvit/Shuvit_1.mov,Shuvit,basic_trick,None,Goofy,A,miya,
basic_trick/Shuvit/Shuvit_2.mov,Shuvit,basic_trick,None,Goofy,A,miya,
basic_trick/Shuvit/Shuvit_3.mov,Shuvit,basic_trick,None,Goofy,A,miya,
basic_trick/Shuvit/Shuvit_4.mov,Shuvit,basic_trick,None,Goofy,A,miya,
basic_trick/Shuvit/Shuvit_5.mov,Shuvit,basic_trick,None,Goofy,A,miya,
basic_trick/Shuvit/Shuvit_6.mov,Shuvit,basic_trick,None,Goofy,A,miya,
basic_trick/Shuvit/Shuvit_7.mov,Shuvit,basic_trick,None,Goofy,A,miya,
basic_trick/Shuvit/Shuvit_8.mov,Shuvit,basic_trick,None,Goofy,A,miya,
basic_trick/Shuvit/Shuvit_9.mov,Shuvit,basic_trick,None,Goofy,A,miya,
basic_trick/Shuvit/Shuvit_10.mov,Shuvit,basic_trick,None,Goofy,A,miya,
basic_trick/Shuvit/Shuvit_11.mov,Shuvit,basic_trick,None,Goofy,A,la,
basic_trick/Shuvit/Shuvit_12.mov,Shuvit,basic_trick,None,Goofy,A,la,
basic_trick/Shuvit/Shuvit_13.mov,Shuvit,basic_trick,None,Goofy,A,la,
basic_trick/Shuvit/Shuvit_14.mov,Shuvit,basic_trick,None,Goofy,A,la,
basic_trick/Shuvit/Shuvit_15.mov,Shuvit,basic_trick,None,Goofy,A,la,
basic_trick/Shuvit/Shuvit_16.mov,Shuvit,basic_trick,None,Goofy,A,la,
basic_trick/Shuvit/Shuvit_17.mov,Shuvit,basic_trick,None,Goofy,A,la,
basic_trick/Shuvit/Shuvit_18.mov,Shuvit,basic_trick,None,Goofy,A,la,
basic_trick/Shuvit/Shuvit_19.mov,Shuvit,basic_trick,None,Goofy,A,la,
basic_trick/Shuvit/Shuvit_20.mov,Shuvit,basic_trick,None,Goofy,A,la,
basic_trick/Shuvit/Shuvit_21.mov,Shuvit,basic_trick,None,Goofy,A,la,
basic_trick/Shuvit/Shuvit_22.mov,Shuvit,basic_trick,None,Goofy,A,la,
basic_trick/Shuvit/Shuvit_23.mov,Shuvit,basic_trick,None,Goofy,A,la,
basic_trick/Shuvit/Shuvit_24.mov,Shuvit,basic_trick,None,Goofy,A,la,
basic_trick/Shuvit/Shuvit_25.mov,Shuvit,basic_trick,None,Goofy,A,la,
basic_trick/Shuvit/Shuvit_26.mov,Shuvit,basic_trick,None,Goofy,A,la,
basic_trick/Shuvit/Shuvit_27.mov,Shuvit,basic_trick,None,Goofy,A,la,
basic_trick/Shuvit/Shuvit_28.mov,Shuvit,basic_trick,None,Goofy,A,la,
basic_trick/Shuvit/Shuvit_29.mov,Shuvit,basic_trick,None,Goofy,A,la,
basic_trick/Shuvit/Shuvit_30.mov,Shuvit,basic_trick,None,Goofy,A,la,
basic_trick/Shuvit/Shuvit_31.mov,Shuvit,basic_trick,None,Goofy,A,la,
basic_trick/Shuvit/Shuvit_32.mov,Shuvit,basic_trick,None,Goofy,A,la,
basic_trick/Shuvit/Shuvit_33.mov,Shuvit,basic_trick,None,Goofy,A,la,
basic_trick/Shuvit/Shuvit_34.mov,Shuvit,basic_trick,None,Goofy,A,dozo,
basic_trick/Shuvit/Shuvit_35.mov,Shuvit,basic_trick,None,Goofy,A,dozo,
basic_trick/Shuvit/Shuvit_36.mov,Shuvit,basic_trick,None,Goofy,A,dozo,
basic_trick/Shuvit/Shuvit_37.mov,Shuvit,basic_trick,None,Goofy,A,dozo,
basic_trick/Shuvit/Shuvit_38.mov,Shuvit,basic_trick,None,Goofy,A,dozo,
basic_trick/Shuvit/Shuvit_39.mov,Shuvit,basic_trick,None,Goofy,A,dozo,
basic_trick/Shuvit/Shuvit_40.mov,Shuvit,basic_trick,None,Goofy,A,dozo,
basic_trick/Shuvit/Shuvit_41.mov,Shuvit,basic_trick,None,Goofy,A,dozo,
basic_trick/Shuvit/Shuvit_42.mov,Shuvit,basic_trick,None,Goofy,A,dozo,
basic_trick/Shuvit/Shuvit_43.mov,Shuvit,basic_trick,None,Goofy,A,dozo,
basic_trick/Shuvit/Shuvit_44.mov,Shuvit,basic_trick,None,Goofy,A,dozo,
basic_trick/Shuvit/Shuvit_45.mov,Shuvit,basic_trick,None,Goofy,A,dozo,
basic_trick/Shuvit/Shuvit_46.mov,Shuvit,basic_trick,None,Goofy,A,dozo,
basic_trick/Shuvit/Shuvit_47.mov,Shuvit,basic_trick,None,Goofy,A,dozo,
basic_trick/Shuvit/Shuvit_48.mov,Shuvit,basic_trick,None,Goofy,A,dozo,
basic_trick/Shuvit/Shuvit_49.mov,Shuvit,basic_trick,None,Goofy,A,dozo,
basic_trick/Shuvit/Shuvit_50.mov,Shuvit,basic_trick,None,Goofy,A,dozo,
basic_trick/Frontshuvit/Fshuvit_1.mov,FrontShuvit,basic_trick,None,Goofy,A,dozo,
basic_trick/Frontshuvit/Fshuvit_2.mov,FrontShuvit,basic_trick,None,Goofy,A,dozo,
basic_trick/Frontshuvit/Fshuvit_3.mov,FrontShuvit,basic_trick,None,Goofy,A,dozo,
basic_trick/Frontshuvit/Fshuvit_4.mov,FrontShuvit,basic_trick,None,Goofy,A,dozo,
basic_trick/Frontshuvit/Fshuvit_5.mov,FrontShuvit,basic_trick,None,Goofy,A,dozo,
basic_trick/Frontshuvit/Fshuvit_6.mov,FrontShuvit,basic_trick,None,Goofy,A,dozo,
basic_trick/Frontshuvit/Fshuvit_7.mov,FrontShuvit,basic_trick,None,Goofy,A,dozo,
basic_trick/Frontshuvit/Fshuvit_8.mov,FrontShuvit,basic_trick,None,Goofy,A,dozo,
basic_trick/Frontshuvit/Fshuvit_9.mov,FrontShuvit,basic_trick,None,Goofy,A,dozo,
basic_trick/Frontshuvit/Fshuvit_10.mov,FrontShuvit,basic_trick,None,Goofy,A,dozo,
basic_trick/Frontshuvit/Fshuvit_11.mov,FrontShuvit,basic_trick,None,Goofy,A,dozo,
basic_trick/Frontshuvit/Fshuvit_12.mov,FrontShuvit,basic_trick,None,Goofy,A,dozo,
basic_trick/Frontshuvit/Fshuvit_13.mov,FrontShuvit,basic_trick,None,Goofy,A,dozo,
basic_trick/Frontshuvit/Fshuvit_14.mov,FrontShuvit,basic_trick,None,Goofy,A,dozo,
basic_trick/Frontshuvit/Fshuvit_15.mov,FrontShuvit,basic_trick,None,Goofy,A,dozo,
basic_trick/Frontshuvit/Fshuvit_16.mov,FrontShuvit,basic_trick,None,Goofy,A,dozo,
basic_trick/Frontshuvit/Fshuvit_17.mov,FrontShuvit,basic_trick,None,Goofy,A,dozo,
basic_trick/Frontshuvit/Fshuvit_18.mov,FrontShuvit,basic_trick,None,Goofy,A,dozo,
basic_trick/Frontshuvit/Fshuvit_19.mov,FrontShuvit,basic_trick,None,Goofy,A,dozo,
basic_trick/Frontshuvit/Fshuvit_20.mov,FrontShuvit,basic_trick,None,Goofy,A,dozo,
basic_trick/Frontshuvit/Fshuvit_21.mov,FrontShuvit,basic_trick,None,Goofy,A,dozo,
basic_trick/Frontshuvit/Fshuvit_22.mov,FrontShuvit,basic_trick,None,Goofy,A,dozo,
basic_trick/Frontshuvit/Fshuvit_23.mov,FrontShuvit,basic_trick,None,Goofy,A,dozo,
basic_trick/Frontshuvit/Fshuvit_24.mov,FrontShuvit,basic_trick,None,Goofy,A,dozo,
basic_trick/Frontshuvit/Fshuvit_25.mov,FrontShuvit,basic_trick,None,Goofy,A,dozo,
basic_trick/Frontshuvit/Fshuvit_26.mov,FrontShuvit,basic_trick,None,Goofy,A,dozo,
basic_trick/Frontshuvit/Fshuvit_27.mov,FrontShuvit,basic_trick,None,Goofy,A,dozo,
basic_trick/Frontshuvit/Fshuvit_28.mov,FrontShuvit,basic_trick,None,Goofy,A,dozo,
basic_trick/Frontshuvit/Fshuvit_29.mov,FrontShuvit,basic_trick,None,Goofy,A,dozo,
basic_trick/Frontshuvit/Fshuvit_30.mov,FrontShuvit,basic_trick,None,Goofy,A,dozo,
basic_trick/Frontshuvit/Fshuvit_31.mov,FrontShuvit,basic_trick,None,Goofy,A,dozo,
basic_trick/Frontshuvit/Fshuvit_32.mov,FrontShuvit,basic_trick,None,Goofy,A,dozo,
basic_trick/Frontshuvit/Fshuvit_33.mov,FrontShuvit,basic_trick,None,Goofy,A,dozo,
basic_trick/Frontshuvit/Fshuvit_34.mov,FrontShuvit,basic_trick,None,Goofy,A,dozo,
basic_trick/Frontshuvit/Fshuvit_35.mov,FrontShuvit,basic_trick,None,Goofy,A,dozo,
basic_trick/Frontshuvit/Fshuvit_36.mov,FrontShuvit,basic_trick,None,Goofy,A,dozo,
basic_trick/Frontshuvit/Fshuvit_37.mov,FrontShuvit,basic_trick,None,Goofy,A,dozo,
basic_trick/Frontshuvit/Fshuvit_38.mov,FrontShuvit,basic_trick,None,Goofy,A,dozo,
basic_trick/Frontshuvit/Fshuvit_39.mov,FrontShuvit,basic_trick,None,Goofy,A,dozo,
basic_trick/Frontshuvit/Fshuvit_40.mov,FrontShuvit,basic_trick,None,Goofy,A,dozo,
basic_trick/Frontshuvit/Fshuvit_41.mov,FrontShuvit,basic_trick,None,Goofy,A,dozo,
basic_trick/Frontshuvit/Fshuvit_42.mov,FrontShuvit,basic_trick,None,Goofy,A,dozo,
basic_trick/Frontshuvit/Fshuvit_43.mov,FrontShuvit,basic_trick,None,Goofy,A,dozo,
basic_trick/Frontshuvit/Fshuvit_44.mov,FrontShuvit,basic_trick,None,Goofy,A,dozo,
basic_trick/Frontshuvit/Fshuvit_45.mov,FrontShuvit,basic_trick,None,Goofy,A,dozo,
basic_trick/Frontshuvit/Fshuvit_46.mov,FrontShuvit,basic_trick,None,Goofy,A,dozo,
basic_trick/Frontshuvit/Fshuvit_47.mov,FrontShuvit,basic_trick,None,Goofy,A,dozo,
basic_trick/Frontshuvit/Fshuvit_48.mov,FrontShuvit,basic_trick,None,Goofy,A,dozo,
basic_trick/Frontshuvit/Fshuvit_49.mov,FrontShuvit,basic_trick,None,Goofy,A,dozo,
basic_trick/Frontshuvit/Fshuvit_50.mov,FrontShuvit,basic_trick,None,Goofy,A,dozo,
flip_trick/Heelflip/Heelflip_1.mov,Heelflip,flip_trick,None,Goofy,A,miya,
flip_trick/Heelflip/Heelflip_2.mov,Heelflip,flip_trick,None,Goofy,A,miya,
flip_trick/Heelflip/Heelflip_3.mov,Heelflip,flip_trick,None,Goofy,A,miya,
flip_trick/Heelflip/Heelflip_4.mov,Heelflip,flip_trick,None,Goofy,A,miya,
flip_trick/Heelflip/Heelflip_5.mov,Heelflip,flip_trick,None,Goofy,A,miya,
flip_trick/Heelflip/Heelflip_6.mov,Heelflip,flip_trick,None,Goofy,A,miya,
flip_trick/Heelflip/Heelflip_7.mov,Heelflip,flip_trick,None,Goofy,A,dozo,
flip_trick/Heelflip/Heelflip_8.mov,Heelflip,flip_trick,None,Goofy,A,dozo,
flip_trick/Heelflip/Heelflip_9.mov,Heelflip,flip_trick,None,Goofy,A,dozo,
flip_trick/Heelflip/Heelflip_10.mov,Heelflip,flip_trick,None,Goofy,A,dozo,
flip_trick/Heelflip/Heelflip_11.mov,Heelflip,flip_trick,None,Goofy,A,dozo,
flip_trick/Heelflip/Heelflip_12.mov,Heelflip,flip_trick,None,Goofy,A,dozo,
flip_trick/Heelflip/Heelflip_13.mov,Heelflip,flip_trick,None,Goofy,A,dozo,
flip_trick/Heelflip/Heelflip_14.mov,Heelflip,flip_trick,None,Goofy,A,dozo,
flip_trick/Heelflip/Heelflip_15.mov,Heelflip,flip_trick,None,Goofy,A,dozo,
flip_trick/Heelflip/Heelflip_16.mov,Heelflip,flip_trick,None,Goofy,A,dozo,
flip_trick/Heelflip/Heelflip_17.mov,Heelflip,flip_trick,None,Goofy,A,miya,
flip_trick/Heelflip/Heelflip_18.mov,Heelflip,flip_trick,None,Goofy,A,miya,
flip_trick/Heelflip/Heelflip_19.mov,Heelflip,flip_trick,None,Goofy,A,miya,
flip_trick/Heelflip/Heelflip_20.mov,Heelflip,flip_trick,None,Goofy,A,miya,
flip_trick/Heelflip/Heelflip_21.mov,Heelflip,flip_trick,None,Goofy,A,miya,
flip_trick/Heelflip/Heelflip_22.mov,Heelflip,flip_trick,None,Goofy,A,miya,
flip_trick/Heelflip/Heelflip_23.mov,Heelflip,flip_trick,None,Goofy,A,miya,
flip_trick/Heelflip/Heelflip_24.mov,Heelflip,flip_trick,None,Goofy,A,miya,
flip_trick/Heelflip/Heelflip_25.mov,Heelflip,flip_trick,None,Goofy,A,miya,
flip_trick/Heelflip/Heelflip_26.mov,Heelflip,flip_trick,None,Goofy,A,miya,
flip_trick/Heelflip/Heelflip_27.mov,Heelflip,flip_trick,None,Goofy,A,miya,
flip_trick/Heelflip/Heelflip_28.mov,Heelflip,flip_trick,None,Goofy,A,miya,
flip_trick/Heelflip/Heelflip_29.mov,Heelflip,flip_trick,None,Goofy,A,miya,
flip_trick/Heelflip/Heelflip_30.mov,Heelflip,flip_trick,None,Goofy,A,miya,
flip_trick/Heelflip/Heelflip_31.mov,Heelflip,flip_trick,None,Goofy,A,miya,
flip_trick/Heelflip/Heelflip_32.mov,Heelflip,flip_trick,None,Goofy,A,miya,
flip_trick/Heelflip/Heelflip_33.mov,Heelflip,flip_trick,None,Goofy,A,miya,
flip_trick/Heelflip/Heelflip_34.mov,Heelflip,flip_trick,None,Goofy,A,miya,
flip_trick/Heelflip/Heelflip_35.mov,Heelflip,flip_trick,None,Goofy,A,miya,
flip_trick/Heelflip/Heelflip_36.mov,Heelflip,flip_trick,None,Goofy,A,miya,
flip_trick/Heelflip/Heelflip_37.mov,Heelflip,flip_trick,None,Goofy,A,la,
flip_trick/Heelflip/Heelflip_38.mov,Heelflip,flip_trick,None,Goofy,A,la,
flip_trick/Heelflip/Heelflip_39.mov,Heelflip,flip_trick,None,Goofy,A,la,
flip_trick/Heelflip/Heelflip_40.mov,Heelflip,flip_trick,None,Goofy,A,la,
flip_trick/Heelflip/Heelflip_41.mov,Heelflip,flip_trick,None,Goofy,A,la,
flip_trick/Heelflip/Heelflip_42.mov,Heelflip,flip_trick,None,Goofy,A,la,
flip_trick/Heelflip/Heelflip_43.mov,Heelflip,flip_trick,None,Goofy,A,la,
flip_trick/Heelflip/Heelflip_44.mov,Heelflip,flip_trick,None,Goofy,A,la,
flip_trick/Heelflip/Heelflip_45.mov,Heelflip,flip_trick,None,Goofy,A,la,
flip_trick/Heelflip/Heelflip_46.mov,Heelflip,flip_trick,None,Goofy,A,la,
flip_trick/Heelflip/Heelflip_47.mov,Heelflip,flip_trick,None,Goofy,A,la,
flip_trick/Heelflip/Heelflip_48.mov,Heelflip,flip_trick,None,Goofy,A,la,
flip_trick/Heelflip/Heelflip_49.mov,Heelflip,flip_trick,None,Goofy,A,dozo,
flip_trick/Heelflip/Heelflip_50.mov,Heelflip,flip_trick,None,Goofy,A,dozo,
flip_trick/Kickflip/Kick_1.mov,Kickflip,flip_trick,None,Goofy,A,miya,
flip_trick/Kickflip/Kick_2.mov,Kickflip,flip_trick,None,Goofy,A,miya,
flip_trick/Kickflip/Kick_3.mov,Kickflip,flip_trick,None,Goofy,A,miya,
flip_trick/Kickflip/Kick_4.mov,Kickflip,flip_trick,None,Goofy,A,miya,
flip_trick/Kickflip/Kick_5.mov,Kickflip,flip_trick,None,Goofy,A,miya,
flip_trick/Kickflip/Kick_6.mov,Kickflip,flip_trick,None,Goofy,A,miya,
flip_trick/Kickflip/Kick_7.mov,Kickflip,flip_trick,None,Goofy,A,dozo,
flip_trick/Kickflip/Kick_8.mov,Kickflip,flip_trick,None,Goofy,A,dozo,
flip_trick/Kickflip/Kick_9.mov,Kickflip,flip_trick,None,Goofy,A,dozo,
flip_trick/Kickflip/Kick_10.mov,Kickflip,flip_trick,None,Goofy,A,dozo,
flip_trick/Kickflip/Kick_11.mov,Kickflip,flip_trick,None,Goofy,A,dozo,
flip_trick/Kickflip/Kick_12.mov,Kickflip,flip_trick,None,Goofy,A,dozo,
flip_trick/Kickflip/Kick_13.mov,Kickflip,flip_trick,None,Goofy,A,dozo,
flip_trick/Kickflip/Kick_14.mov,Kickflip,flip_trick,None,Goofy,A,dozo,
flip_trick/Kickflip/Kick_15.mov,Kickflip,flip_trick,None,Goofy,A,dozo,
flip_trick/Kickflip/Kick_16.mov,Kickflip,flip_trick,None,Goofy,A,dozo,
flip_trick/Kickflip/Kick_17.mov,Kickflip,flip_trick,None,Goofy,A,dozo,
flip_trick/Kickflip/Kick_18.mov,Kickflip,flip_trick,None,Goofy,A,dozo,
flip_trick/Kickflip/Kick_19.mov,Kickflip,flip_trick,None,Goofy,A,dozo,
flip_trick/Kickflip/Kick_20.mov,Kickflip,flip_trick,None,Goofy,A,dozo,
flip_trick/Kickflip/Kick_21.mov,Kickflip,flip_trick,None,Goofy,A,dozo,
flip_trick/Kickflip/Kick_22.mov,Kickflip,flip_trick,None,Goofy,A,dozo,
flip_trick/Kickflip/Kick_23.mov,Kickflip,flip_trick,None,Goofy,A,dozo,
flip_trick/Kickflip/Kick_24.mov,Kickflip,flip_trick,None,Goofy,A,dozo,
flip_trick/Kickflip/Kick_25.mov,Kickflip,flip_trick,None,Goofy,A,dozo,
flip_trick/Kickflip/Kick_26.mov,Kickflip,flip_trick,None,Goofy,A,dozo,
flip_trick/Kickflip/Kick_27.mov,Kickflip,flip_trick,None,Goofy,A,dozo,
flip_trick/Kickflip/Kick_28.mov,Kickflip,flip_trick,None,Goofy,A,dozo,
flip_trick/Kickflip/Kick_29.mov,Kickflip,flip_trick,None,Goofy,A,dozo,
flip_trick/Kickflip/Kick_30.mov,Kickflip,flip_trick,None,Goofy,A,dozo,
flip_trick/Kickflip/Kick_31.mov,Kickflip,flip_trick,None,Goofy,A,dozo,
flip_trick/Kickflip/Kick_32.mov,Kickflip,flip_trick,None,Goofy,A,dozo,
flip_trick/Kickflip/Kick_33.mov,Kickflip,flip_trick,None,Goofy,A,dozo,
flip_trick/Kickflip/Kick_34.mov,Kickflip,flip_trick,None,Goofy,A,dozo,
flip_trick/Kickflip/Kick_35.mov,Kickflip,flip_trick,None,Goofy,A,dozo,
flip_trick/Kickflip/Kick_36.mov,Kickflip,flip_trick,None,Goofy,A,dozo,
flip_trick/Kickflip/Kick_37.mov,Kickflip,flip_trick,None,Goofy,A,dozo,
flip_trick/Kickflip/Kick_38.mov,Kickflip,flip_trick,None,Goofy,A,dozo,
flip_trick/Kickflip/Kick_39.mov,Kickflip,flip_trick,None,Goofy,A,dozo,
flip_trick/Kickflip/Kick_40.mov,Kickflip,flip_trick,None,Goofy,A,dozo,
flip_trick/Kickflip/Kick_41.mov,Kickflip,flip_trick,None,Goofy,A,dozo,
flip_trick/Kickflip/Kick_42.mov,Kickflip,flip_trick,None,Goofy,A,dozo,
flip_trick/Kickflip/Kick_43.mov,Kickflip,flip_trick,None,Goofy,A,dozo,
flip_trick/Kickflip/Kick_44.mov,Kickflip,flip_trick,None,Goofy,A,dozo,
flip_trick/Kickflip/Kick_45.mov,Kickflip,flip_trick,None,Goofy,A,dozo,
flip_trick/Kickflip/Kick_46.mov,Kickflip,flip_trick,None,Goofy,A,dozo,
flip_trick/Kickflip/Kick_47.mov,Kickflip,flip_trick,None,Goofy,A,dozo,
flip_trick/Kickflip/Kick_48.mov,Kickflip,flip_trick,None,Goofy,A,dozo,
flip_trick/Kickflip/Kick_49.mov,Kickflip,flip_trick,None,Goofy,A,dozo,
flip_trick/Kickflip/Kick_50.mov,Kickflip,flip_trick,None,Goofy,A,dozo,
flip_trick/Pressureflip/Pressure_1.mov,Pressureflip,flip_trick,None,Goofy,A,miya,
flip_trick/Pressureflip/Pressure_2.mov,Pressureflip,flip_trick,None,Goofy,A,miya,
flip_trick/Pressureflip/Pressure_3.mov,Pressureflip,flip_trick,None,Goofy,A,miya,
flip_trick/Pressureflip/Pressure_4.mov,Pressureflip,flip_trick,None,Goofy,A,miya,
flip_trick/Pressureflip/Pressure_5.mov,Pressureflip,flip_trick,None,Goofy,A,miya,
flip_trick/Pressureflip/Pressure_6.mov,Pressureflip,flip_trick,None,Goofy,A,miya,
flip_trick/Pressureflip/Pressure_7.mov,Pressureflip,flip_trick,None,Goofy,A,miya,
flip_trick/Pressureflip/Pressure_8.mov,Pressureflip,flip_trick,None,Goofy,A,miya,
flip_trick/Pressureflip/Pressure_9.mov,Pressureflip,flip_trick,None,Goofy,A,miya,
flip_trick/Pressureflip/Pressure_10.mov,Pressureflip,flip_trick,None,Goofy,A,miya,
flip_trick/Pressureflip/Pressure_11.mov,Pressureflip,flip_trick,None,Goofy,A,miya,
flip_trick/Pressureflip/Pressure_12.mov,Pressureflip,flip_trick,None,Goofy,A,miya,
flip_trick/Pressureflip/Pressure_13.mov,Pressureflip,flip_trick,None,Goofy,A,miya,
flip_trick/Pressureflip/Pressure_14.mov,Pressureflip,flip_trick,None,Goofy,A,miya,
flip_trick/Pressureflip/Pressure_15.mov,Pressureflip,flip_trick,None,Goofy,A,miya,
flip_trick/Pressureflip/Pressure_16.mov,Pressureflip,flip_trick,None,Goofy,A,dozo,
flip_trick/Pressureflip/Pressure_17.mov,Pressureflip,flip_trick,None,Goofy,A,dozo,
flip_trick/Pressureflip/Pressure_18.mov,Pressureflip,flip_trick,None,Goofy,A,dozo,
flip_trick/Pressureflip/Pressure_19.mov,Pressureflip,flip_trick,None,Goofy,A,dozo,
flip_trick/Pressureflip/Pressure_20.mov,Pressureflip,flip_trick,None,Goofy,A,dozo,
flip_trick/Pressureflip/Pressure_21.mov,Pressureflip,flip_trick,None,Goofy,A,dozo,
flip_trick/Pressureflip/Pressure_22.mov,Pressureflip,flip_trick,None,Goofy,A,dozo,
flip_trick/Pressureflip/Pressure_23.mov,Pressureflip,flip_trick,None,Goofy,A,dozo,
flip_trick/Pressureflip/Pressure_24.mov,Pressureflip,flip_trick,None,Goofy,A,dozo,
flip_trick/Pressureflip/Pressure_25.mov,Pressureflip,flip_trick,None,Goofy,A,dozo,
flip_trick/Pressureflip/Pressure_26.mov,Pressureflip,flip_trick,None,Goofy,A,dozo,
flip_trick/Pressureflip/Pressure_27.mov,Pressureflip,flip_trick,None,Goofy,A,dozo,
flip_trick/Pressureflip/Pressure_28.mov,Pressureflip,flip_trick,None,Goofy,A,dozo,
flip_trick/Pressureflip/Pressure_29.mov,Pressureflip,flip_trick,None,Goofy,A,dozo,
flip_trick/Pressureflip/Pressure_30.mov,Pressureflip,flip_trick,None,Goofy,A,dozo,
flip_trick/Pressureflip/Pressure_31.mov,Pressureflip,flip_trick,None,Goofy,A,dozo,
flip_trick/Pressureflip/Pressure_32.mov,Pressureflip,flip_trick,None,Goofy,A,dozo,
flip_trick/Pressureflip/Pressure_33.mov,Pressureflip,flip_trick,None,Goofy,A,dozo,
flip_trick/Pressureflip/Pressure_34.mov,Pressureflip,flip_trick,None,Goofy,A,dozo,
flip_trick/Pressureflip/Pressure_35.mov,Pressureflip,flip_trick,None,Goofy,A,dozo,
flip_trick/Pressureflip/Pressure_36.mov,Pressureflip,flip_trick,None,Goofy,A,dozo,
flip_trick/Pressureflip/Pressure_37.mov,Pressureflip,flip_trick,None,Goofy,A,dozo,
flip_trick/Pressureflip/Pressure_38.mov,Pressureflip,flip_trick,None,Goofy,A,miya,
flip_trick/Pressureflip/Pressure_39.mov,Pressureflip,flip_trick,None,Goofy,A,miya,
flip_trick/Pressureflip/Pressure_40.mov,Pressureflip,flip_trick,None,Goofy,A,miya,
flip_trick/Pressureflip/Pressure_41.mov,Pressureflip,flip_trick,None,Goofy,A,miya,
flip_trick/Pressureflip/Pressure_42.mov,Pressureflip,flip_trick,None,Goofy,A,miya,
flip_trick/Pressureflip/Pressure_43.mov,Pressureflip,flip_trick,None,Goofy,A,miya,
flip_trick/Pressureflip/Pressure_44.mov,Pressureflip,flip_trick,None,Goofy,A,miya,
flip_trick/Pressureflip/Pressure_45.mov,Pressureflip,flip_trick,None,Goofy,A,miya,
flip_trick/Pressureflip/Pressure_46.mov,Pressureflip,flip_trick,None,Goofy,A,miya,
flip_trick/Pressureflip/Pressure_47.mov,Pressureflip,flip_trick,None,Goofy,A,miya,
flip_trick/Pressureflip/Pressure_48.mov,Pressureflip,flip_trick,None,Goofy,A,miya,
flip_trick/Pressureflip/Pressure_49.mov,Pressureflip,flip_trick,None,Goofy,A,dozo,
flip_trick/Pressureflip/Pressure_50.mov,Pressureflip,flip_trick,None,Goofy,A,dozo,
ratation_trick/Backside180/Back180_1.mov,Backside180,rotation_trick,Back,Goofy,A,dozo,
ratation_trick/Backside180/Back180_2.mov,Backside180,rotation_trick,Back,Goofy,A,dozo,
ratation_trick/Backside180/Back180_3.mov,Backside180,rotation_trick,Back,Goofy,A,dozo,
ratation_trick/Backside180/Back180_4.mov,Backside180,rotation_trick,Back,Goofy,A,dozo,
ratation_trick/Backside180/Back180_5.mov,Backside180,rotation_trick,Back,Goofy,A,dozo,
ratation_trick/Backside180/Back180_6.mov,Backside180,rotation_trick,Back,Goofy,A,dozo,
ratation_trick/Backside180/Back180_7.mov,Backside180,rotation_trick,Back,Goofy,A,dozo,
ratation_trick/Backside180/Back180_8.mov,Backside180,rotation_trick,Back,Goofy,A,dozo,
ratation_trick/Backside180/Back180_9.mov,Backside180,rotation_trick,Back,Goofy,A,dozo,
ratation_trick/Backside180/Back180_10.mov,Backside180,rotation_trick,Back,Goofy,A,dozo,
ratation_trick/Backside180/Back180_11.mov,Backside180,rotation_trick,Back,Goofy,A,dozo,
ratation_trick/Backside180/Back180_12.mov,Backside180,rotation_trick,Back,Goofy,A,dozo,
ratation_trick/Backside180/Back180_13.mov,Backside180,rotation_trick,Back,Goofy,A,dozo,
ratation_trick/Backside180/Back180_14.mov,Backside180,rotation_trick,Back,Goofy,A,dozo,
ratation_trick/Backside180/Back180_15.mov,Backside180,rotation_trick,Back,Goofy,A,dozo,
ratation_trick/Backside180/Back180_16.mov,Backside180,rotation_trick,Back,Goofy,A,dozo,
ratation_trick/Backside180/Back180_17.mov,Backside180,rotation_trick,Back,Goofy,A,dozo,
ratation_trick/Backside180/Back180_18.mov,Backside180,rotation_trick,Back,Goofy,A,dozo,
ratation_trick/Backside180/Back180_19.mov,Backside180,rotation_trick,Back,Goofy,A,dozo,
ratation_trick/Backside180/Back180_20.mov,Backside180,rotation_trick,Back,Goofy,A,dozo,
ratation_trick/Backside180/Back180_21.mov,Backside180,rotation_trick,Back,Goofy,A,dozo,
ratation_trick/Backside180/Back180_22.mov,Backside180,rotation_trick,Back,Goofy,A,dozo,
ratation_trick/Backside180/Back180_23.mov,Backside180,rotation_trick,Back,Goofy,A,miya,
ratation_trick/Backside180/Back180_24.mov,Backside180,rotation_trick,Back,Goofy,A,miya,
ratation_trick/Backside180/Back180_25.mov,Backside180,rotation_trick,Back,Goofy,A,miya,
ratation_trick/Backside180/Back180_26.mov,Backside180,rotation_trick,Back,Goofy,A,miya,
ratation_trick/Backside180/Back180_27.mov,Backside180,rotation_trick,Back,Goofy,A,miya,
ratation_trick/Backside180/Back180_28.mov,Backside180,rotation_trick,Back,Goofy,A,miya,
ratation_trick/Backside180/Back180_29.mov,Backside180,rotation_trick,Back,Goofy,A,miya,
ratation_trick/Backside180/Back180_30.mov,Backside180,rotation_trick,Back,Goofy,A,miya,
ratation_trick/Backside180/Back180_31.mov,Backside180,rotation_trick,Back,Goofy,A,miya,
ratation_trick/Backside180/Back180_32.mov,Backside180,rotation_trick,Back,Goofy,A,miya,
ratation_trick/Backside180/Back180_33.mov,Backside180,rotation_trick,Back,Goofy,A,miya,
ratation_trick/Backside180/Back180_34.mov,Backside180,rotation_trick,Back,Goofy,A,miya,
ratation_trick/Backside180/Back180_35.mov,Backside180,rotation_trick,Back,Goofy,A,la,
ratation_trick/Backside180/Back180_36.mov,Backside180,rotation_trick,Back,Goofy,A,la,
ratation_trick/Backside180/Back180_37.mov,Backside180,rotation_trick,Back,Goofy,A,la,
ratation_trick/Backside180/Back180_38.mov,Backside180,rotation_trick,Back,Goofy,A,la,
ratation_trick/Backside180/Back180_39.mov,Backside180,rotation_trick,Back,Goofy,A,la,
ratation_trick/Backside180/Back180_40.mov,Backside180,rotation_trick,Back,Goofy,A,la,
ratation_trick/Backside180/Back180_41.mov,Backside180,rotation_trick,Back,Goofy,A,la,
ratation_trick/Backside180/Back180_42.mov,Backside180,rotation_trick,Back,Goofy,A,la,
ratation_trick/Backside180/Back180_43.mov,Backside180,rotation_trick,Back,Goofy,A,la,
ratation_trick/Backside180/Back180_44.mov,Backside180,rotation_trick,Back,Goofy,A,la,
ratation_trick/Backside180/Back180_45.mov,Backside180,rotation_trick,Back,Goofy,A,la,
ratation_trick/Backside180/Back180_46.mov,Backside180,rotation_trick,Back,Goofy,A,la,
ratation_trick/Backside180/Back180_47.mov,Backside180,rotation_trick,Back,Goofy,A,dozo,
ratation_trick/Backside180/Back180_48.mov,Backside180,rotation_trick,Back,Goofy,A,dozo,
ratation_trick/Backside180/Back180_49.mov,Backside180,rotation_trick,Back,Goofy,A,dozo,
ratation_trick/Backside180/Back180_50.mov,Backside180,rotation_trick,Back,Goofy,A,dozo,
ratation_trick/Frontside180/Front180_1.MOV,Frontside180,rotation_trick,Front,Goofy,A,miya,
ratation_trick/Frontside180/Front180_2.MOV,Frontside180,rotation_trick,Front,Goofy,A,miya,
ratation_trick/Frontside180/Front180_3.MOV,Frontside180,rotation_trick,Front,Goofy,A,miya,
ratation_trick/Frontside180/Front180_4.MOV,Frontside180,rotation_trick,Front,Goofy,A,miya,
ratation_trick/Frontside180/Front180_5.MOV,Frontside180,rotation_trick,Front,Goofy,A,miya,
ratation_trick/Frontside180/Front180_6.MOV,Frontside180,rotation_trick,Front,Goofy,A,miya,
ratation_trick/Frontside180/Front180_7.MOV,Frontside180,rotation_trick,Front,Goofy,A,miya,
ratation_trick/Frontside180/Front180_8.MOV,Frontside180,rotation_trick,Front,Goofy,A,miya,
ratation_trick/Frontside180/Front180_9.MOV,Frontside180,rotation_trick,Front,Goofy,A,miya,
ratation_trick/Frontside180/Front180_10.MOV,Frontside180,rotation_trick,Front,Goofy,A,miya,
ratation_trick/Frontside180/Front180_11.MOV,Frontside180,rotation_trick,Front,Goofy,A,miya,
ratation_trick/Frontside180/Front180_12.MOV,Frontside180,rotation_trick,Front,Goofy,A,miya,
ratation_trick/Frontside180/Front180_13.MOV,Frontside180,rotation_trick,Front,Goofy,A,miya,
ratation_trick/Frontside180/Front180_14.MOV,Frontside180,rotation_trick,Front,Goofy,A,miya,
ratation_trick/Frontside180/Front180_15.MOV,Frontside180,rotation_trick,Front,Goofy,A,miya,
ratation_trick/Frontside180/Front180_16.MOV,Frontside180,rotation_trick,Front,Goofy,A,miya,
ratation_trick/Frontside180/Front180_17.MOV,Frontside180,rotation_trick,Front,Goofy,A,miya,
ratation_trick/Frontside180/Front180_18.MOV,Frontside180,rotation_trick,Front,Goofy,A,miya,
ratation_trick/Frontside180/Front180_19.MOV,Frontside180,rotation_trick,Front,Goofy,A,miya,
ratation_trick/Frontside180/Front180_20.MOV,Frontside180,rotation_trick,Front,Goofy,A,miya,
ratation_trick/Frontside180/Front180_21.MOV,Frontside180,rotation_trick,Front,Goofy,A,miya,
ratation_trick/Frontside180/Front180_22.mov,Frontside180,rotation_trick,Front,Goofy,A,miya,
ratation_trick/Frontside180/Front180_23.mov,Frontside180,rotation_trick,Front,Goofy,A,miya,
ratation_trick/Frontside180/Front180_24.mov,Frontside180,rotation_trick,Front,Goofy,A,miya,
ratation_trick/Frontside180/Front180_25.mov,Frontside180,rotation_trick,Front,Goofy,A,miya,
ratation_trick/Frontside180/Front180_26.mov,Frontside180,rotation_trick,Front,Goofy,A,miya,
ratation_trick/Frontside180/Front180_27.mov,Frontside180,rotation_trick,Front,Goofy,A,miya,
ratation_trick/Frontside180/Front180_28.mov,Frontside180,rotation_trick,Front,Goofy,A,miya,
ratation_trick/Frontside180/Front180_29.mov,Frontside180,rotation_trick,Front,Goofy,A,miya,
ratation_trick/Frontside180/Front180_30.mov,Frontside180,rotation_trick,Front,Goofy,A,miya,
ratation_trick/Frontside180/Front180_31.mov,Frontside180,rotation_trick,Front,Goofy,A,miya,
ratation_trick/Frontside180/Front180_32.mov,Frontside180,rotation_trick,Front,Goofy,A,miya,
ratation_trick/Frontside180/Front180_33.mov,Frontside180,rotation_trick,Front,Goofy,A,miya,
ratation_trick/Frontside180/Front180_34.mov,Frontside180,rotation_trick,Front,Goofy,A,miya,
ratation_trick/Frontside180/Front180_35.mov,Frontside180,rotation_trick,Front,Goofy,A,miya,
ratation_trick/Frontside180/Front180_36.mov,Frontside180,rotation_trick,Front,Goofy,A,miya,
ratation_trick/Frontside180/Front180_37.mov,Frontside180,rotation_trick,Front,Goofy,A,miya,
ratation_trick/Frontside180/Front180_38.mov,Frontside180,rotation_trick,Front,Goofy,A,miya,
ratation_trick/Frontside180/Front180_39.mov,Frontside180,rotation_trick,Front,Goofy,A,dozo,
ratation_trick/Frontside180/Front180_40.mov,Frontside180,rotation_trick,Front,Goofy,A,dozo,
ratation_trick/Frontside180/Front180_41.mov,Frontside180,rotation_trick,Front,Goofy,A,dozo,
ratation_trick/Frontside180/Front180_42.mov,Frontside180,rotation_trick,Front,Goofy,A,dozo,
ratation_trick/Frontside180/Front180_43.mov,Frontside180,rotation_trick,Front,Goofy,A,dozo,
ratation_trick/Frontside180/Front180_44.mov,Frontside180,rotation_trick,Front,Goofy,A,dozo,
ratation_trick/Frontside180/Front180_45.mov,Frontside180,rotation_trick,Front,Goofy,A,dozo,
ratation_trick/Frontside180/Front180_46.mov,Frontside180,rotation_trick,Front,Goofy,A,dozo,
ratation_trick/Frontside180/Front180_47.mov,Frontside180,rotation_trick,Front,Goofy,A,dozo,
ratation_trick/Frontside180/Front180_48.mov,Frontside180,rotation_trick,Front,Goofy,A,dozo,
ratation_trick/Frontside180/Front180_49.mov,Frontside180,rotation_trick,Front,Goofy,A,dozo,
ratation_trick/Frontside180/Front180_50.mov,Frontside180,rotation_trick,Front,Goofy,A,dozo,
ratation_trick/Frontside180/Front180_51.mov,Frontside180,rotation_trick,Front,Goofy,A,dozo,
ratation_trick/Frontside180/Front180_52.mov,Frontside180,rotation_trick,Front,Goofy,A,dozo,
ratation_trick/Frontside180/Front180_53.mov,Frontside180,rotation_trick,Front,Goofy,A,dozo,
