clip_id,source_dataset,filepath,skater_id,stance,original_label,trick_name,category,phase1_eligible,outcome,outcome_source,width,height,fps,total_frames,duration_sec,quality_flag,split
sbml_0001,skateboard_ml,data/raw_videos/skateboard_ml\Ollie\Ollie0.mov,sbml_unknown_ollie,unknown,Ollie,ollie,linear,True,land,dataset_label,1280,720,23.91,153,6.4,pass,expansion
sbml_0002,skateboard_ml,data/raw_videos/skateboard_ml\Ollie\Ollie1.mov,sbml_unknown_ollie,unknown,Ollie,ollie,linear,True,land,dataset_label,1280,720,24.01,162,6.75,pass,expansion
sbml_0003,skateboard_ml,data/raw_videos/skateboard_ml\Ollie\Ollie10.mov,sbml_unknown_ollie,unknown,Ollie,ollie,linear,True,land,dataset_label,1920,1080,27.34,35,1.28,pass,expansion
sbml_0004,skateboard_ml,data/raw_videos/skateboard_ml\Ollie\Ollie100.mov,sbml_unknown_ollie,unknown,Ollie,ollie,linear,True,land,dataset_label,1080,1920,29.98,75,2.5,pass,expansion
sbml_0005,skateboard_ml,data/raw_videos/skateboard_ml\Ollie\Ollie101.mov,sbml_unknown_ollie,unknown,Ollie,ollie,linear,True,land,dataset_label,1080,1920,29.98,134,4.47,pass,expansion
sbml_0006,skateboard_ml,data/raw_videos/skateboard_ml\Ollie\Ollie102.mov,sbml_unknown_ollie,unknown,Ollie,ollie,linear,True,land,dataset_label,1080,1920,30.28,77,2.54,pass,expansion
sbml_0007,skateboard_ml,data/raw_videos/skateboard_ml\Ollie\Ollie103.mov,sbml_unknown_ollie,unknown,Ollie,ollie,linear,True,land,dataset_label,1080,1920,29.98,76,2.54,pass,expansion
sbml_0008,skateboard_ml,data/raw_videos/skateboard_ml\Ollie\Ollie104.mov,sbml_unknown_ollie,unknown,Ollie,ollie,linear,True,land,dataset_label,1080,1920,30.16,65,2.16,pass,expansion
sbml_0009,skateboard_ml,data/raw_videos/skateboard_ml\Ollie\Ollie105.mov,sbml_unknown_ollie,unknown,Ollie,ollie,linear,True,land,dataset_label,1920,1080,30.15,103,3.42,pass,expansion
sbml_0010,skateboard_ml,data/raw_videos/skateboard_ml\Ollie\Ollie106.mov,sbml_unknown_ollie,unknown,Ollie,ollie,linear,True,land,dataset_label,1920,1080,30.04,67,2.23,pass,expansion
sbml_0011,skateboard_ml,data/raw_videos/skateboard_ml\Ollie\Ollie107.mov,sbml_unknown_ollie,unknown,Ollie,ollie,linear,True,land,dataset_label,1920,1080,30.71,50,1.63,pass,expansion
sbml_0012,skateboard_ml,data/raw_videos/skateboard_ml\Ollie\Ollie11.mov,sbml_unknown_ollie,unknown,Ollie,ollie,linear,True,land,dataset_label,1280,720,29.76,57,1.92,pass,expansion
sbml_0013,skateboard_ml,data/raw_videos/skateboard_ml\Ollie\Ollie12.mov,sbml_unknown_ollie,unknown,Ollie,ollie,linear,True,land,dataset_label,1280,720,29.83,35,1.17,pass,expansion
sbml_0014,skateboard_ml,data/raw_videos/skateboard_ml\Ollie\Ollie13.mov,sbml_unknown_ollie,unknown,Ollie,ollie,linear,True,land,dataset_label,1280,720,30.53,55,1.8,pass,expansion
sbml_0015,skateboard_ml,data/raw_videos/skateboard_ml\Ollie\Ollie14.mov,sbml_unknown_ollie,unknown,Ollie,ollie,linear,True,land,dataset_label,1280,720,29.9,43,1.44,pass,expansion
sbml_0016,skateboard_ml,data/raw_videos/skateboard_ml\Ollie\Ollie15.mov,sbml_unknown_ollie,unknown,Ollie,ollie,linear,True,land,dataset_label,1280,720,30.0,40,1.33,pass,expansion
sbml_0017,skateboard_ml,data/raw_videos/skateboard_ml\Ollie\Ollie16.mov,sbml_unknown_ollie,unknown,Ollie,ollie,linear,True,land,dataset_label,1280,720,30.01,157,5.23,pass,expansion
sbml_0018,skateboard_ml,data/raw_videos/skateboard_ml\Ollie\Ollie17.mov,sbml_unknown_ollie,unknown,Ollie,ollie,linear,True,land,dataset_label,1280,720,29.97,94,3.14,pass,expansion
sbml_0019,skateboard_ml,data/raw_videos/skateboard_ml\Ollie\Ollie18.mov,sbml_unknown_ollie,unknown,Ollie,ollie,linear,True,land,dataset_label,1280,720,30.2,67,2.22,pass,expansion
sbml_0020,skateboard_ml,data/raw_videos/skateboard_ml\Ollie\Ollie19.mov,sbml_unknown_ollie,unknown,Ollie,ollie,linear,True,land,dataset_label,1280,720,30.09,112,3.72,pass,expansion
sbml_0021,skateboard_ml,data/raw_videos/skateboard_ml\Ollie\Ollie2.mov,sbml_unknown_ollie,unknown,Ollie,ollie,linear,True,land,dataset_label,1280,720,23.77,116,4.88,pass,expansion
sbml_0022,skateboard_ml,data/raw_videos/skateboard_ml\Ollie\Ollie20.mov,sbml_unknown_ollie,unknown,Ollie,ollie,linear,True,land,dataset_label,1280,720,30.15,158,5.24,pass,expansion
sbml_0023,skateboard_ml,data/raw_videos/skateboard_ml\Ollie\Ollie21.mov,sbml_unknown_ollie,unknown,Ollie,ollie,linear,True,land,dataset_label,1080,1920,24.43,41,1.68,pass,expansion
sbml_0024,skateboard_ml,data/raw_videos/skateboard_ml\Ollie\Ollie22.mov,sbml_unknown_ollie,unknown,Ollie,ollie,linear,True,land,dataset_label,1920,1080,25.5,34,1.33,pass,expansion
sbml_0025,skateboard_ml,data/raw_videos/skateboard_ml\Ollie\Ollie23.mov,sbml_unknown_ollie,unknown,Ollie,ollie,linear,True,land,dataset_label,1080,1920,22.48,42,1.87,pass,expansion
sbml_0026,skateboard_ml,data/raw_videos/skateboard_ml\Ollie\Ollie24.mov,sbml_unknown_ollie,unknown,Ollie,ollie,linear,True,land,dataset_label,1270,720,30.24,44,1.46,pass,expansion
sbml_0027,skateboard_ml,data/raw_videos/skateboard_ml\Ollie\Ollie25.mov,sbml_unknown_ollie,unknown,Ollie,ollie,linear,True,land,dataset_label,1920,1080,26.93,39,1.45,pass,expansion
sbml_0028,skateboard_ml,data/raw_videos/skateboard_ml\Ollie\Ollie26.mov,sbml_unknown_ollie,unknown,Ollie,ollie,linear,True,land,dataset_label,1920,1080,26.22,35,1.34,pass,expansion
sbml_0029,skateboard_ml,data/raw_videos/skateboard_ml\Ollie\Ollie27.mov,sbml_unknown_ollie,unknown,Ollie,ollie,linear,True,land,dataset_label,1920,1080,25.5,34,1.33,pass,expansion
sbml_0030,skateboard_ml,data/raw_videos/skateboard_ml\Ollie\Ollie28.mov,sbml_unknown_ollie,unknown,Ollie,ollie,linear,True,land,dataset_label,1920,1080,23.48,40,1.7,pass,expansion
sbml_0031,skateboard_ml,data/raw_videos/skateboard_ml\Ollie\Ollie29.mov,sbml_unknown_ollie,unknown,Ollie,ollie,linear,True,land,dataset_label,1920,1080,26.67,32,1.2,pass,expansion
sbml_0032,skateboard_ml,data/raw_videos/skateboard_ml\Ollie\Ollie3.mov,sbml_unknown_ollie,unknown,Ollie,ollie,linear,True,land,dataset_label,1280,720,24.03,141,5.87,pass,expansion
sbml_0033,skateboard_ml,data/raw_videos/skateboard_ml\Ollie\Ollie30.mov,sbml_unknown_ollie,unknown,Ollie,ollie,linear,True,land,dataset_label,1080,1920,22.89,42,1.84,pass,expansion
sbml_0034,skateboard_ml,data/raw_videos/skateboard_ml\Ollie\Ollie31.mov,sbml_unknown_ollie,unknown,Ollie,ollie,linear,True,land,dataset_label,1080,1920,24.45,41,1.68,pass,expansion
sbml_0035,skateboard_ml,data/raw_videos/skateboard_ml\Ollie\Ollie32.mov,sbml_unknown_ollie,unknown,Ollie,ollie,linear,True,land,dataset_label,1920,1080,22.16,49,2.21,pass,expansion
sbml_0036,skateboard_ml,data/raw_videos/skateboard_ml\Ollie\Ollie33.mov,sbml_unknown_ollie,unknown,Ollie,ollie,linear,True,land,dataset_label,1080,1920,27.85,33,1.19,pass,expansion
sbml_0037,skateboard_ml,data/raw_videos/skateboard_ml\Ollie\Ollie34.mov,sbml_unknown_ollie,unknown,Ollie,ollie,linear,True,land,dataset_label,1920,1080,25.12,36,1.43,pass,expansion
sbml_0038,skateboard_ml,data/raw_videos/skateboard_ml\Ollie\Ollie35.mov,sbml_unknown_ollie,unknown,Ollie,ollie,linear,True,land,dataset_label,1920,1080,24.55,41,1.67,pass,expansion
sbml_0039,skateboard_ml,data/raw_videos/skateboard_ml\Ollie\Ollie36.mov,sbml_unknown_ollie,unknown,Ollie,ollie,linear,True,land,dataset_label,1920,1080,22.6,46,2.03,pass,expansion
sbml_0040,skateboard_ml,data/raw_videos/skateboard_ml\Ollie\Ollie37.mov,sbml_unknown_ollie,unknown,Ollie,ollie,linear,True,land,dataset_label,1920,1080,22.58,45,1.99,pass,expansion
sbml_0041,skateboard_ml,data/raw_videos/skateboard_ml\Ollie\Ollie38.mov,sbml_unknown_ollie,unknown,Ollie,ollie,linear,True,land,dataset_label,1080,1920,26.67,32,1.2,pass,expansion
sbml_0042,skateboard_ml,data/raw_videos/skateboard_ml\Ollie\Ollie39.mov,sbml_unknown_ollie,unknown,Ollie,ollie,linear,True,land,dataset_label,1080,1920,23.06,43,1.86,pass,expansion
sbml_0043,skateboard_ml,data/raw_videos/skateboard_ml\Ollie\Ollie4.mov,sbml_unknown_ollie,unknown,Ollie,ollie,linear,True,land,dataset_label,1280,720,29.88,44,1.47,pass,expansion
sbml_0044,skateboard_ml,data/raw_videos/skateboard_ml\Ollie\Ollie40.mov,sbml_unknown_ollie,unknown,Ollie,ollie,linear,True,land,dataset_label,1920,1080,25.93,37,1.43,pass,expansion
sbml_0045,skateboard_ml,data/raw_videos/skateboard_ml\Ollie\Ollie41.mov,sbml_unknown_ollie,unknown,Ollie,ollie,linear,True,land,dataset_label,1080,1920,28.09,33,1.18,pass,expansion
sbml_0046,skateboard_ml,data/raw_videos/skateboard_ml\Ollie\Ollie42.mov,sbml_unknown_ollie,unknown,Ollie,ollie,linear,True,land,dataset_label,1920,1080,21.87,46,2.1,pass,expansion
sbml_0047,skateboard_ml,data/raw_videos/skateboard_ml\Ollie\Ollie43.mov,sbml_unknown_ollie,unknown,Ollie,ollie,linear,True,land,dataset_label,1080,1920,22.34,44,1.97,pass,expansion
sbml_0048,skateboard_ml,data/raw_videos/skateboard_ml\Ollie\Ollie44.mov,sbml_unknown_ollie,unknown,Ollie,ollie,linear,True,land,dataset_label,1080,1920,25.47,34,1.34,pass,expansion
sbml_0049,skateboard_ml,data/raw_videos/skateboard_ml\Ollie\Ollie45.mov,sbml_unknown_ollie,unknown,Ollie,ollie,linear,True,land,dataset_label,1920,1080,22.89,42,1.84,pass,expansion
sbml_0050,skateboard_ml,data/raw_videos/skateboard_ml\Ollie\Ollie46.mov,sbml_unknown_ollie,unknown,Ollie,ollie,linear,True,land,dataset_label,1080,1920,23.22,43,1.85,pass,expansion
sbml_0051,skateboard_ml,data/raw_videos/skateboard_ml\Ollie\Ollie47.mov,sbml_unknown_ollie,unknown,Ollie,ollie,linear,True,land,dataset_label,1920,1080,23.82,43,1.8,pass,expansion
sbml_0052,skateboard_ml,data/raw_videos/skateboard_ml\Ollie\Ollie48.mov,sbml_unknown_ollie,unknown,Ollie,ollie,linear,True,land,dataset_label,1080,1920,21.89,46,2.1,pass,expansion
sbml_0053,skateboard_ml,data/raw_videos/skateboard_ml\Ollie\Ollie49.mov,sbml_unknown_ollie,unknown,Ollie,ollie,linear,True,land,dataset_label,1920,1080,25.18,47,1.87,pass,expansion
sbml_0054,skateboard_ml,data/raw_videos/skateboard_ml\Ollie\Ollie5.mov,sbml_unknown_ollie,unknown,Ollie,ollie,linear,True,land,dataset_label,1280,720,29.33,43,1.47,pass,expansion
sbml_0055,skateboard_ml,data/raw_videos/skateboard_ml\Ollie\Ollie50.mov,sbml_unknown_ollie,unknown,Ollie,ollie,linear,True,land,dataset_label,1920,1080,26.5,39,1.47,pass,expansion
sbml_0056,skateboard_ml,data/raw_videos/skateboard_ml\Ollie\Ollie51.mov,sbml_unknown_ollie,unknown,Ollie,ollie,linear,True,land,dataset_label,1920,1080,25.75,37,1.44,pass,expansion
sbml_0057,skateboard_ml,data/raw_videos/skateboard_ml\Ollie\Ollie52.mov,sbml_unknown_ollie,unknown,Ollie,ollie,linear,True,land,dataset_label,1080,1920,25.64,37,1.44,pass,expansion
sbml_0058,skateboard_ml,data/raw_videos/skateboard_ml\Ollie\Ollie53.mov,sbml_unknown_ollie,unknown,Ollie,ollie,linear,True,land,dataset_label,1920,1080,23.16,43,1.86,pass,expansion
sbml_0059,skateboard_ml,data/raw_videos/skateboard_ml\Ollie\Ollie54.mov,sbml_unknown_ollie,unknown,Ollie,ollie,linear,True,land,dataset_label,1920,1080,28.05,33,1.18,pass,expansion
sbml_0060,skateboard_ml,data/raw_videos/skateboard_ml\Ollie\Ollie55.mov,sbml_unknown_ollie,unknown,Ollie,ollie,linear,True,land,dataset_label,1080,1920,22.6,46,2.03,pass,expansion
sbml_0061,skateboard_ml,data/raw_videos/skateboard_ml\Ollie\Ollie56.mov,sbml_unknown_ollie,unknown,Ollie,ollie,linear,True,land,dataset_label,1080,1920,23.12,45,1.95,pass,expansion
sbml_0062,skateboard_ml,data/raw_videos/skateboard_ml\Ollie\Ollie57.mov,sbml_unknown_ollie,unknown,Ollie,ollie,linear,True,land,dataset_label,1080,1920,21.55,46,2.14,pass,expansion
sbml_0063,skateboard_ml,data/raw_videos/skateboard_ml\Ollie\Ollie58.mov,sbml_unknown_ollie,unknown,Ollie,ollie,linear,True,land,dataset_label,1920,1080,22.77,45,1.98,pass,expansion
sbml_0064,skateboard_ml,data/raw_videos/skateboard_ml\Ollie\Ollie59.mov,sbml_unknown_ollie,unknown,Ollie,ollie,linear,True,land,dataset_label,1920,1080,23.89,50,2.09,pass,expansion
sbml_0065,skateboard_ml,data/raw_videos/skateboard_ml\Ollie\Ollie6.mov,sbml_unknown_ollie,unknown,Ollie,ollie,linear,True,land,dataset_label,1280,720,29.91,59,1.97,pass,expansion
sbml_0066,skateboard_ml,data/raw_videos/skateboard_ml\Ollie\Ollie60.mov,sbml_unknown_ollie,unknown,Ollie,ollie,linear,True,land,dataset_label,1920,1080,23.91,63,2.63,pass,expansion
sbml_0067,skateboard_ml,data/raw_videos/skateboard_ml\Ollie\Ollie61.mov,sbml_unknown_ollie,unknown,Ollie,ollie,linear,True,land,dataset_label,1920,1080,27.43,32,1.17,pass,expansion
sbml_0068,skateboard_ml,data/raw_videos/skateboard_ml\Ollie\Ollie62.mov,sbml_unknown_ollie,unknown,Ollie,ollie,linear,True,land,dataset_label,1920,1080,27.91,40,1.43,pass,expansion
sbml_0069,skateboard_ml,data/raw_videos/skateboard_ml\Ollie\Ollie63.mov,sbml_unknown_ollie,unknown,Ollie,ollie,linear,True,land,dataset_label,1920,1080,30.6,38,1.24,pass,expansion
sbml_0070,skateboard_ml,data/raw_videos/skateboard_ml\Ollie\Ollie64.mov,sbml_unknown_ollie,unknown,Ollie,ollie,linear,True,land,dataset_label,1920,1080,30.0,30,1.0,pass,expansion
sbml_0071,skateboard_ml,data/raw_videos/skateboard_ml\Ollie\Ollie65.mov,sbml_unknown_ollie,unknown,Ollie,ollie,linear,True,land,dataset_label,1920,1080,30.24,64,2.12,pass,expansion
sbml_0072,skateboard_ml,data/raw_videos/skateboard_ml\Ollie\Ollie66.mov,sbml_unknown_ollie,unknown,Ollie,ollie,linear,True,land,dataset_label,1920,1080,29.98,80,2.67,pass,expansion
sbml_0073,skateboard_ml,data/raw_videos/skateboard_ml\Ollie\Ollie67.mov,sbml_unknown_ollie,unknown,Ollie,ollie,linear,True,land,dataset_label,1920,1080,30.2,54,1.79,pass,expansion
sbml_0074,skateboard_ml,data/raw_videos/skateboard_ml\Ollie\Ollie68.mov,sbml_unknown_ollie,unknown,Ollie,ollie,linear,True,land,dataset_label,1920,1080,30.48,54,1.77,pass,expansion
sbml_0075,skateboard_ml,data/raw_videos/skateboard_ml\Ollie\Ollie69.mov,sbml_unknown_ollie,unknown,Ollie,ollie,linear,True,land,dataset_label,1920,1080,30.41,48,1.58,pass,expansion
sbml_0076,skateboard_ml,data/raw_videos/skateboard_ml\Ollie\Ollie7.mov,sbml_unknown_ollie,unknown,Ollie,ollie,linear,True,land,dataset_label,1280,720,29.34,38,1.3,pass,expansion
sbml_0077,skateboard_ml,data/raw_videos/skateboard_ml\Ollie\Ollie70.mov,sbml_unknown_ollie,unknown,Ollie,ollie,linear,True,land,dataset_label,1920,1080,29.98,70,2.33,pass,expansion
sbml_0078,skateboard_ml,data/raw_videos/skateboard_ml\Ollie\Ollie71.mov,sbml_unknown_ollie,unknown,Ollie,ollie,linear,True,land,dataset_label,1920,1080,30.28,54,1.78,pass,expansion
sbml_0079,skateboard_ml,data/raw_videos/skateboard_ml\Ollie\Ollie72.mov,sbml_unknown_ollie,unknown,Ollie,ollie,linear,True,land,dataset_label,1920,1080,30.31,69,2.28,pass,expansion
sbml_0080,skateboard_ml,data/raw_videos/skateboard_ml\Ollie\Ollie73.mov,sbml_unknown_ollie,unknown,Ollie,ollie,linear,True,land,dataset_label,1920,1080,30.0,44,1.47,pass,expansion
sbml_0081,skateboard_ml,data/raw_videos/skateboard_ml\Ollie\Ollie74.mov,sbml_unknown_ollie,unknown,Ollie,ollie,linear,True,land,dataset_label,1920,1080,30.27,39,1.29,pass,expansion
sbml_0082,skateboard_ml,data/raw_videos/skateboard_ml\Ollie\Ollie75.mov,sbml_unknown_ollie,unknown,Ollie,ollie,linear,True,land,dataset_label,1920,1080,29.96,41,1.37,pass,expansion
sbml_0083,skateboard_ml,data/raw_videos/skateboard_ml\Ollie\Ollie76.mov,sbml_unknown_ollie,unknown,Ollie,ollie,linear,True,land,dataset_label,1920,1080,30.25,55,1.82,pass,expansion
sbml_0084,skateboard_ml,data/raw_videos/skateboard_ml\Ollie\Ollie77.mov,sbml_unknown_ollie,unknown,Ollie,ollie,linear,True,land,dataset_label,1920,1080,30.14,73,2.42,pass,expansion
sbml_0085,skateboard_ml,data/raw_videos/skateboard_ml\Ollie\Ollie78.mov,sbml_unknown_ollie,unknown,Ollie,ollie,linear,True,land,dataset_label,1920,1080,30.06,70,2.33,pass,expansion
sbml_0086,skateboard_ml,data/raw_videos/skateboard_ml\Ollie\Ollie79.mov,sbml_unknown_ollie,unknown,Ollie,ollie,linear,True,land,dataset_label,1920,1080,30.02,79,2.63,pass,expansion
sbml_0087,skateboard_ml,data/raw_videos/skateboard_ml\Ollie\Ollie8.mov,sbml_unknown_ollie,unknown,Ollie,ollie,linear,True,land,dataset_label,1280,720,30.01,181,6.03,pass,expansion
sbml_0088,skateboard_ml,data/raw_videos/skateboard_ml\Ollie\Ollie80.mov,sbml_unknown_ollie,unknown,Ollie,ollie,linear,True,land,dataset_label,1920,1080,30.13,57,1.89,pass,expansion
sbml_0089,skateboard_ml,data/raw_videos/skateboard_ml\Ollie\Ollie81.mov,sbml_unknown_ollie,unknown,Ollie,ollie,linear,True,land,dataset_label,1920,1080,30.02,68,2.27,pass,expansion
sbml_0090,skateboard_ml,data/raw_videos/skateboard_ml\Ollie\Ollie82.mov,sbml_unknown_ollie,unknown,Ollie,ollie,linear,True,land,dataset_label,1920,1080,29.97,88,2.94,pass,expansion
sbml_0091,skateboard_ml,data/raw_videos/skateboard_ml\Ollie\Ollie83.mov,sbml_unknown_ollie,unknown,Ollie,ollie,linear,True,land,dataset_label,1920,1080,30.64,31,1.01,pass,expansion
sbml_0092,skateboard_ml,data/raw_videos/skateboard_ml\Ollie\Ollie84.mov,sbml_unknown_ollie,unknown,Ollie,ollie,linear,True,land,dataset_label,1920,1080,30.43,46,1.51,pass,expansion
sbml_0093,skateboard_ml,data/raw_videos/skateboard_ml\Ollie\Ollie85.mov,sbml_unknown_ollie,unknown,Ollie,ollie,linear,True,land,dataset_label,1920,1080,31.0,31,1.0,pass,expansion
sbml_0094,skateboard_ml,data/raw_videos/skateboard_ml\Ollie\Ollie86.mov,sbml_unknown_ollie,unknown,Ollie,ollie,linear,True,land,dataset_label,1920,1080,30.34,76,2.5,pass,expansion
sbml_0095,skateboard_ml,data/raw_videos/skateboard_ml\Ollie\Ollie87.mov,sbml_unknown_ollie,unknown,Ollie,ollie,linear,True,land,dataset_label,1920,1080,31.0,31,1.0,pass,expansion
sbml_0096,skateboard_ml,data/raw_videos/skateboard_ml\Ollie\Ollie88.mov,sbml_unknown_ollie,unknown,Ollie,ollie,linear,True,land,dataset_label,1920,1080,30.62,32,1.04,pass,expansion
sbml_0097,skateboard_ml,data/raw_videos/skateboard_ml\Ollie\Ollie89.mov,sbml_unknown_ollie,unknown,Ollie,ollie,linear,True,land,dataset_label,1920,1080,31.0,31,1.0,pass,expansion
sbml_0098,skateboard_ml,data/raw_videos/skateboard_ml\Ollie\Ollie9.mov,sbml_unknown_ollie,unknown,Ollie,ollie,linear,True,land,dataset_label,1280,720,29.83,34,1.14,pass,expansion
sbml_0099,skateboard_ml,data/raw_videos/skateboard_ml\Ollie\Ollie90.mov,sbml_unknown_ollie,unknown,Ollie,ollie,linear,True,land,dataset_label,1920,1080,30.44,52,1.71,pass,expansion
sbml_0100,skateboard_ml,data/raw_videos/skateboard_ml\Ollie\Ollie91.mov,sbml_unknown_ollie,unknown,Ollie,ollie,linear,True,land,dataset_label,1920,1080,29.98,67,2.23,pass,expansion
sbml_0101,skateboard_ml,data/raw_videos/skateboard_ml\Ollie\Ollie92.mov,sbml_unknown_ollie,unknown,Ollie,ollie,linear,True,land,dataset_label,1920,1080,30.6,41,1.34,pass,expansion
sbml_0102,skateboard_ml,data/raw_videos/skateboard_ml\Ollie\Ollie93.mov,sbml_unknown_ollie,unknown,Ollie,ollie,linear,True,land,dataset_label,1920,1080,30.43,46,1.51,pass,expansion
sbml_0103,skateboard_ml,data/raw_videos/skateboard_ml\Ollie\Ollie94.mov,sbml_unknown_ollie,unknown,Ollie,ollie,linear,True,land,dataset_label,1920,1080,30.05,63,2.1,pass,expansion
sbml_0104,skateboard_ml,data/raw_videos/skateboard_ml\Ollie\Ollie95.mov,sbml_unknown_ollie,unknown,Ollie,ollie,linear,True,land,dataset_label,1920,1080,30.49,53,1.74,pass,expansion
sbml_0105,skateboard_ml,data/raw_videos/skateboard_ml\Ollie\Ollie96.mov,sbml_unknown_ollie,unknown,Ollie,ollie,linear,True,land,dataset_label,1920,1080,30.89,38,1.23,pass,expansion
sbml_0106,skateboard_ml,data/raw_videos/skateboard_ml\Ollie\Ollie97.mov,sbml_unknown_ollie,unknown,Ollie,ollie,linear,True,land,dataset_label,1920,1080,30.05,96,3.19,pass,expansion
sbml_0107,skateboard_ml,data/raw_videos/skateboard_ml\Ollie\Ollie98.mov,sbml_unknown_ollie,unknown,Ollie,ollie,linear,True,land,dataset_label,1920,1080,30.63,61,1.99,pass,expansion
sbml_0108,skateboard_ml,data/raw_videos/skateboard_ml\Ollie\Ollie99.mov,sbml_unknown_ollie,unknown,Ollie,ollie,linear,True,land,dataset_label,1080,1920,29.97,97,3.24,pass,expansion
sbml_0109,skateboard_ml,data/raw_videos/skateboard_ml\Kickflip\Kickflip0.mov,sbml_unknown_kickflip,unknown,Kickflip,kickflip,flip_trick,True,land,dataset_label,640,360,30.25,56,1.85,pass,expansion
sbml_0110,skateboard_ml,data/raw_videos/skateboard_ml\Kickflip\Kickflip1.mov,sbml_unknown_kickflip,unknown,Kickflip,kickflip,flip_trick,True,land,dataset_label,640,360,30.01,102,3.4,pass,expansion
sbml_0111,skateboard_ml,data/raw_videos/skateboard_ml\Kickflip\Kickflip10.mov,sbml_unknown_kickflip,unknown,Kickflip,kickflip,flip_trick,True,land,dataset_label,1920,1080,27.49,58,2.11,pass,expansion
sbml_0112,skateboard_ml,data/raw_videos/skateboard_ml\Kickflip\Kickflip100.mov,sbml_unknown_kickflip,unknown,Kickflip,kickflip,flip_trick,True,land,dataset_label,1080,1920,24.88,76,3.06,pass,expansion
sbml_0113,skateboard_ml,data/raw_videos/skateboard_ml\Kickflip\Kickflip101.mov,sbml_unknown_kickflip,unknown,Kickflip,kickflip,flip_trick,True,land,dataset_label,1080,1920,27.09,47,1.73,pass,expansion
sbml_0114,skateboard_ml,data/raw_videos/skateboard_ml\Kickflip\Kickflip102.mov,sbml_unknown_kickflip,unknown,Kickflip,kickflip,flip_trick,True,land,dataset_label,1080,1920,25.8,51,1.98,pass,expansion
sbml_0115,skateboard_ml,data/raw_videos/skateboard_ml\Kickflip\Kickflip103.mov,sbml_unknown_kickflip,unknown,Kickflip,kickflip,flip_trick,True,land,dataset_label,1080,1920,23.73,38,1.6,pass,expansion
sbml_0116,skateboard_ml,data/raw_videos/skateboard_ml\Kickflip\Kickflip104.mov,sbml_unknown_kickflip,unknown,Kickflip,kickflip,flip_trick,True,land,dataset_label,1080,1920,24.31,70,2.88,pass,expansion
sbml_0117,skateboard_ml,data/raw_videos/skateboard_ml\Kickflip\Kickflip105.mov,sbml_unknown_kickflip,unknown,Kickflip,kickflip,flip_trick,True,land,dataset_label,1080,1920,24.69,56,2.27,pass,expansion
sbml_0118,skateboard_ml,data/raw_videos/skateboard_ml\Kickflip\Kickflip106.mov,sbml_unknown_kickflip,unknown,Kickflip,kickflip,flip_trick,True,land,dataset_label,1080,1920,28.21,44,1.56,pass,expansion
sbml_0119,skateboard_ml,data/raw_videos/skateboard_ml\Kickflip\Kickflip107.mov,sbml_unknown_kickflip,unknown,Kickflip,kickflip,flip_trick,True,land,dataset_label,1080,1920,24.76,68,2.75,pass,expansion
sbml_0120,skateboard_ml,data/raw_videos/skateboard_ml\Kickflip\Kickflip108.mov,sbml_unknown_kickflip,unknown,Kickflip,kickflip,flip_trick,True,land,dataset_label,1080,1920,29.97,372,12.41,pass,expansion
sbml_0121,skateboard_ml,data/raw_videos/skateboard_ml\Kickflip\Kickflip109.mov,sbml_unknown_kickflip,unknown,Kickflip,kickflip,flip_trick,True,land,dataset_label,1792,828,11.34,74,6.53,low_fps,expansion
sbml_0122,skateboard_ml,data/raw_videos/skateboard_ml\Kickflip\Kickflip11.mov,sbml_unknown_kickflip,unknown,Kickflip,kickflip,flip_trick,True,land,dataset_label,1920,1080,26.57,70,2.63,pass,expansion
sbml_0123,skateboard_ml,data/raw_videos/skateboard_ml\Kickflip\Kickflip110.mov,sbml_unknown_kickflip,unknown,Kickflip,kickflip,flip_trick,True,land,dataset_label,1792,828,21.59,236,10.93,pass,expansion
sbml_0124,skateboard_ml,data/raw_videos/skateboard_ml\Kickflip\Kickflip111.mov,sbml_unknown_kickflip,unknown,Kickflip,kickflip,flip_trick,True,land,dataset_label,828,472,59.46,220,3.7,pass,expansion
sbml_0125,skateboard_ml,data/raw_videos/skateboard_ml\Kickflip\Kickflip112.mov,sbml_unknown_kickflip,unknown,Kickflip,kickflip,flip_trick,True,land,dataset_label,828,822,60.22,83,1.38,pass,expansion
sbml_0126,skateboard_ml,data/raw_videos/skateboard_ml\Kickflip\Kickflip113.MOV,sbml_unknown_kickflip,unknown,Kickflip,kickflip,flip_trick,True,land,dataset_label,1792,828,29.55,333,11.27,pass,expansion
sbml_0127,skateboard_ml,data/raw_videos/skateboard_ml\Kickflip\Kickflip12.mov,sbml_unknown_kickflip,unknown,Kickflip,kickflip,flip_trick,True,land,dataset_label,1920,1080,27.62,65,2.35,pass,expansion
sbml_0128,skateboard_ml,data/raw_videos/skateboard_ml\Kickflip\Kickflip13.mov,sbml_unknown_kickflip,unknown,Kickflip,kickflip,flip_trick,True,land,dataset_label,1920,1080,25.53,64,2.51,pass,expansion
sbml_0129,skateboard_ml,data/raw_videos/skateboard_ml\Kickflip\Kickflip14.mov,sbml_unknown_kickflip,unknown,Kickflip,kickflip,flip_trick,True,land,dataset_label,1920,1080,22.48,54,2.4,pass,expansion
sbml_0130,skateboard_ml,data/raw_videos/skateboard_ml\Kickflip\Kickflip15.mov,sbml_unknown_kickflip,unknown,Kickflip,kickflip,flip_trick,True,land,dataset_label,1920,1080,27.77,101,3.64,pass,expansion
sbml_0131,skateboard_ml,data/raw_videos/skateboard_ml\Kickflip\Kickflip16.mov,sbml_unknown_kickflip,unknown,Kickflip,kickflip,flip_trick,True,land,dataset_label,1920,1080,25.82,72,2.79,pass,expansion
sbml_0132,skateboard_ml,data/raw_videos/skateboard_ml\Kickflip\Kickflip17.mov,sbml_unknown_kickflip,unknown,Kickflip,kickflip,flip_trick,True,land,dataset_label,1920,1080,27.96,70,2.5,pass,expansion
sbml_0133,skateboard_ml,data/raw_videos/skateboard_ml\Kickflip\Kickflip18.mov,sbml_unknown_kickflip,unknown,Kickflip,kickflip,flip_trick,True,land,dataset_label,1920,1080,25.09,36,1.44,pass,expansion
sbml_0134,skateboard_ml,data/raw_videos/skateboard_ml\Kickflip\Kickflip19.mov,sbml_unknown_kickflip,unknown,Kickflip,kickflip,flip_trick,True,land,dataset_label,1920,1080,25.6,82,3.2,pass,expansion
sbml_0135,skateboard_ml,data/raw_videos/skateboard_ml\Kickflip\Kickflip2.mov,sbml_unknown_kickflip,unknown,Kickflip,kickflip,flip_trick,True,land,dataset_label,640,360,30.21,38,1.26,pass,expansion
sbml_0136,skateboard_ml,data/raw_videos/skateboard_ml\Kickflip\Kickflip20.mov,sbml_unknown_kickflip,unknown,Kickflip,kickflip,flip_trick,True,land,dataset_label,1920,1080,25.12,62,2.47,pass,expansion
sbml_0137,skateboard_ml,data/raw_videos/skateboard_ml\Kickflip\Kickflip21.mov,sbml_unknown_kickflip,unknown,Kickflip,kickflip,flip_trick,True,land,dataset_label,1920,1080,26.27,57,2.17,pass,expansion
sbml_0138,skateboard_ml,data/raw_videos/skateboard_ml\Kickflip\Kickflip22.mov,sbml_unknown_kickflip,unknown,Kickflip,kickflip,flip_trick,True,land,dataset_label,1920,1080,25.4,72,2.83,pass,expansion
sbml_0139,skateboard_ml,data/raw_videos/skateboard_ml\Kickflip\Kickflip23.mov,sbml_unknown_kickflip,unknown,Kickflip,kickflip,flip_trick,True,land,dataset_label,1920,1080,24.75,85,3.44,pass,expansion
sbml_0140,skateboard_ml,data/raw_videos/skateboard_ml\Kickflip\Kickflip24.mov,sbml_unknown_kickflip,unknown,Kickflip,kickflip,flip_trick,True,land,dataset_label,1920,1080,26.96,63,2.34,pass,expansion
sbml_0141,skateboard_ml,data/raw_videos/skateboard_ml\Kickflip\Kickflip25.mov,sbml_unknown_kickflip,unknown,Kickflip,kickflip,flip_trick,True,land,dataset_label,1920,1080,28.24,65,2.3,pass,expansion
sbml_0142,skateboard_ml,data/raw_videos/skateboard_ml\Kickflip\Kickflip26.mov,sbml_unknown_kickflip,unknown,Kickflip,kickflip,flip_trick,True,land,dataset_label,1920,1080,25.7,60,2.33,pass,expansion
sbml_0143,skateboard_ml,data/raw_videos/skateboard_ml\Kickflip\Kickflip27.mov,sbml_unknown_kickflip,unknown,Kickflip,kickflip,flip_trick,True,land,dataset_label,1920,1080,28.38,56,1.97,pass,expansion
sbml_0144,skateboard_ml,data/raw_videos/skateboard_ml\Kickflip\Kickflip28.mov,sbml_unknown_kickflip,unknown,Kickflip,kickflip,flip_trick,True,land,dataset_label,1920,1080,29.97,110,3.67,pass,expansion
sbml_0145,skateboard_ml,data/raw_videos/skateboard_ml\Kickflip\Kickflip29.mov,sbml_unknown_kickflip,unknown,Kickflip,kickflip,flip_trick,True,land,dataset_label,1920,1080,26.36,95,3.6,pass,expansion
sbml_0146,skateboard_ml,data/raw_videos/skateboard_ml\Kickflip\Kickflip3.mov,sbml_unknown_kickflip,unknown,Kickflip,kickflip,flip_trick,True,land,dataset_label,640,360,30.66,38,1.24,pass,expansion
sbml_0147,skateboard_ml,data/raw_videos/skateboard_ml\Kickflip\Kickflip30.mov,sbml_unknown_kickflip,unknown,Kickflip,kickflip,flip_trick,True,land,dataset_label,1920,1080,27.39,51,1.86,pass,expansion
sbml_0148,skateboard_ml,data/raw_videos/skateboard_ml\Kickflip\Kickflip31.mov,sbml_unknown_kickflip,unknown,Kickflip,kickflip,flip_trick,True,land,dataset_label,1920,1080,29.97,232,7.74,pass,expansion
sbml_0149,skateboard_ml,data/raw_videos/skateboard_ml\Kickflip\Kickflip32.mov,sbml_unknown_kickflip,unknown,Kickflip,kickflip,flip_trick,True,land,dataset_label,1920,1080,29.97,49,1.64,pass,expansion
sbml_0150,skateboard_ml,data/raw_videos/skateboard_ml\Kickflip\Kickflip33.mov,sbml_unknown_kickflip,unknown,Kickflip,kickflip,flip_trick,True,land,dataset_label,1920,1080,24.44,75,3.07,pass,expansion
sbml_0151,skateboard_ml,data/raw_videos/skateboard_ml\Kickflip\Kickflip34.mov,sbml_unknown_kickflip,unknown,Kickflip,kickflip,flip_trick,True,land,dataset_label,1920,1080,29.97,59,1.97,pass,expansion
sbml_0152,skateboard_ml,data/raw_videos/skateboard_ml\Kickflip\Kickflip35.mov,sbml_unknown_kickflip,unknown,Kickflip,kickflip,flip_trick,True,land,dataset_label,1920,1080,24.53,41,1.67,pass,expansion
sbml_0153,skateboard_ml,data/raw_videos/skateboard_ml\Kickflip\Kickflip36.mov,sbml_unknown_kickflip,unknown,Kickflip,kickflip,flip_trick,True,land,dataset_label,1920,1080,26.12,34,1.3,pass,expansion
sbml_0154,skateboard_ml,data/raw_videos/skateboard_ml\Kickflip\Kickflip37.mov,sbml_unknown_kickflip,unknown,Kickflip,kickflip,flip_trick,True,land,dataset_label,1920,1080,25.78,74,2.87,pass,expansion
sbml_0155,skateboard_ml,data/raw_videos/skateboard_ml\Kickflip\Kickflip38.mov,sbml_unknown_kickflip,unknown,Kickflip,kickflip,flip_trick,True,land,dataset_label,1920,1080,26.51,92,3.47,pass,expansion
sbml_0156,skateboard_ml,data/raw_videos/skateboard_ml\Kickflip\Kickflip39.mov,sbml_unknown_kickflip,unknown,Kickflip,kickflip,flip_trick,True,land,dataset_label,1920,1080,25.44,101,3.97,pass,expansion
sbml_0157,skateboard_ml,data/raw_videos/skateboard_ml\Kickflip\Kickflip4.mov,sbml_unknown_kickflip,unknown,Kickflip,kickflip,flip_trick,True,land,dataset_label,640,360,29.99,89,2.97,pass,expansion
sbml_0158,skateboard_ml,data/raw_videos/skateboard_ml\Kickflip\Kickflip40.mov,sbml_unknown_kickflip,unknown,Kickflip,kickflip,flip_trick,True,land,dataset_label,1920,1080,24.81,72,2.9,pass,expansion
sbml_0159,skateboard_ml,data/raw_videos/skateboard_ml\Kickflip\Kickflip41.mov,sbml_unknown_kickflip,unknown,Kickflip,kickflip,flip_trick,True,land,dataset_label,1920,1080,25.83,56,2.17,pass,expansion
sbml_0160,skateboard_ml,data/raw_videos/skateboard_ml\Kickflip\Kickflip42.mov,sbml_unknown_kickflip,unknown,Kickflip,kickflip,flip_trick,True,land,dataset_label,1920,1080,30.18,41,1.36,pass,expansion
sbml_0161,skateboard_ml,data/raw_videos/skateboard_ml\Kickflip\Kickflip43.mov,sbml_unknown_kickflip,unknown,Kickflip,kickflip,flip_trick,True,land,dataset_label,1920,1080,29.98,69,2.3,pass,expansion
sbml_0162,skateboard_ml,data/raw_videos/skateboard_ml\Kickflip\Kickflip44.mov,sbml_unknown_kickflip,unknown,Kickflip,kickflip,flip_trick,True,land,dataset_label,1920,1080,29.98,68,2.27,pass,expansion
sbml_0163,skateboard_ml,data/raw_videos/skateboard_ml\Kickflip\Kickflip45.mov,sbml_unknown_kickflip,unknown,Kickflip,kickflip,flip_trick,True,land,dataset_label,1920,1080,29.97,50,1.67,pass,expansion
sbml_0164,skateboard_ml,data/raw_videos/skateboard_ml\Kickflip\Kickflip46.mov,sbml_unknown_kickflip,unknown,Kickflip,kickflip,flip_trick,True,land,dataset_label,1920,1080,29.98,69,2.3,pass,expansion
sbml_0165,skateboard_ml,data/raw_videos/skateboard_ml\Kickflip\Kickflip47.mov,sbml_unknown_kickflip,unknown,Kickflip,kickflip,flip_trick,True,land,dataset_label,1920,1080,29.97,43,1.44,pass,expansion
sbml_0166,skateboard_ml,data/raw_videos/skateboard_ml\Kickflip\Kickflip48.mov,sbml_unknown_kickflip,unknown,Kickflip,kickflip,flip_trick,True,land,dataset_label,1920,1080,29.98,71,2.37,pass,expansion
sbml_0167,skateboard_ml,data/raw_videos/skateboard_ml\Kickflip\Kickflip49.mov,sbml_unknown_kickflip,unknown,Kickflip,kickflip,flip_trick,True,land,dataset_label,1920,1080,30.0,45,1.5,pass,expansion
sbml_0168,skateboard_ml,data/raw_videos/skateboard_ml\Kickflip\Kickflip5.mov,sbml_unknown_kickflip,unknown,Kickflip,kickflip,flip_trick,True,land,dataset_label,1280,720,30.25,94,3.11,pass,expansion
sbml_0169,skateboard_ml,data/raw_videos/skateboard_ml\Kickflip\Kickflip50.mov,sbml_unknown_kickflip,unknown,Kickflip,kickflip,flip_trick,True,land,dataset_label,1920,1080,25.57,58,2.27,pass,expansion
sbml_0170,skateboard_ml,data/raw_videos/skateboard_ml\Kickflip\Kickflip51.mov,sbml_unknown_kickflip,unknown,Kickflip,kickflip,flip_trick,True,land,dataset_label,1920,1080,30.68,36,1.17,pass,expansion
sbml_0171,skateboard_ml,data/raw_videos/skateboard_ml\Kickflip\Kickflip52.mov,sbml_unknown_kickflip,unknown,Kickflip,kickflip,flip_trick,True,land,dataset_label,1920,1080,29.98,75,2.5,pass,expansion
sbml_0172,skateboard_ml,data/raw_videos/skateboard_ml\Kickflip\Kickflip53.mov,sbml_unknown_kickflip,unknown,Kickflip,kickflip,flip_trick,True,land,dataset_label,1920,1080,25.11,39,1.55,pass,expansion
sbml_0173,skateboard_ml,data/raw_videos/skateboard_ml\Kickflip\Kickflip54.mov,sbml_unknown_kickflip,unknown,Kickflip,kickflip,flip_trick,True,land,dataset_label,1920,1080,25.38,39,1.54,pass,expansion
sbml_0174,skateboard_ml,data/raw_videos/skateboard_ml\Kickflip\Kickflip55.mov,sbml_unknown_kickflip,unknown,Kickflip,kickflip,flip_trick,True,land,dataset_label,1920,1080,22.69,47,2.07,pass,expansion
sbml_0175,skateboard_ml,data/raw_videos/skateboard_ml\Kickflip\Kickflip56.mov,sbml_unknown_kickflip,unknown,Kickflip,kickflip,flip_trick,True,land,dataset_label,1920,1080,25.5,34,1.33,pass,expansion
sbml_0176,skateboard_ml,data/raw_videos/skateboard_ml\Kickflip\Kickflip57.mov,sbml_unknown_kickflip,unknown,Kickflip,kickflip,flip_trick,True,land,dataset_label,1920,1080,21.55,46,2.14,pass,expansion
sbml_0177,skateboard_ml,data/raw_videos/skateboard_ml\Kickflip\Kickflip58.mov,sbml_unknown_kickflip,unknown,Kickflip,kickflip,flip_trick,True,land,dataset_label,1920,1080,26.15,34,1.3,pass,expansion
sbml_0178,skateboard_ml,data/raw_videos/skateboard_ml\Kickflip\Kickflip59.mov,sbml_unknown_kickflip,unknown,Kickflip,kickflip,flip_trick,True,land,dataset_label,1920,1080,241.9,242,1.0,pass,expansion
sbml_0179,skateboard_ml,data/raw_videos/skateboard_ml\Kickflip\Kickflip6.mov,sbml_unknown_kickflip,unknown,Kickflip,kickflip,flip_trick,True,land,dataset_label,1280,720,30.04,150,4.99,pass,expansion
sbml_0180,skateboard_ml,data/raw_videos/skateboard_ml\Kickflip\Kickflip60.mov,sbml_unknown_kickflip,unknown,Kickflip,kickflip,flip_trick,True,land,dataset_label,1920,1080,241.9,242,1.0,pass,expansion
sbml_0181,skateboard_ml,data/raw_videos/skateboard_ml\Kickflip\Kickflip61.mov,sbml_unknown_kickflip,unknown,Kickflip,kickflip,flip_trick,True,land,dataset_label,1920,1080,241.9,242,1.0,pass,expansion
sbml_0182,skateboard_ml,data/raw_videos/skateboard_ml\Kickflip\Kickflip62.mov,sbml_unknown_kickflip,unknown,Kickflip,kickflip,flip_trick,True,land,dataset_label,1920,1080,241.0,241,1.0,pass,expansion
sbml_0183,skateboard_ml,data/raw_videos/skateboard_ml\Kickflip\Kickflip63.mov,sbml_unknown_kickflip,unknown,Kickflip,kickflip,flip_trick,True,land,dataset_label,1920,1080,241.9,242,1.0,pass,expansion
sbml_0184,skateboard_ml,data/raw_videos/skateboard_ml\Kickflip\Kickflip64.mov,sbml_unknown_kickflip,unknown,Kickflip,kickflip,flip_trick,True,land,dataset_label,1920,1080,241.0,241,1.0,pass,expansion
sbml_0185,skateboard_ml,data/raw_videos/skateboard_ml\Kickflip\Kickflip65.mov,sbml_unknown_kickflip,unknown,Kickflip,kickflip,flip_trick,True,land,dataset_label,1920,1080,241.9,242,1.0,pass,expansion
sbml_0186,skateboard_ml,data/raw_videos/skateboard_ml\Kickflip\Kickflip66.mov,sbml_unknown_kickflip,unknown,Kickflip,kickflip,flip_trick,True,land,dataset_label,1920,1080,241.9,242,1.0,pass,expansion
sbml_0187,skateboard_ml,data/raw_videos/skateboard_ml\Kickflip\Kickflip67.mov,sbml_unknown_kickflip,unknown,Kickflip,kickflip,flip_trick,True,land,dataset_label,1920,1080,241.0,241,1.0,pass,expansion
sbml_0188,skateboard_ml,data/raw_videos/skateboard_ml\Kickflip\Kickflip68.mov,sbml_unknown_kickflip,unknown,Kickflip,kickflip,flip_trick,True,land,dataset_label,1080,1920,25.23,50,1.98,pass,expansion
sbml_0189,skateboard_ml,data/raw_videos/skateboard_ml\Kickflip\Kickflip69.mov,sbml_unknown_kickflip,unknown,Kickflip,kickflip,flip_trick,True,land,dataset_label,1080,1920,24.89,49,1.97,pass,expansion
sbml_0190,skateboard_ml,data/raw_videos/skateboard_ml\Kickflip\Kickflip7.mov,sbml_unknown_kickflip,unknown,Kickflip,kickflip,flip_trick,True,land,dataset_label,1920,1080,27.55,80,2.9,pass,expansion
sbml_0191,skateboard_ml,data/raw_videos/skateboard_ml\Kickflip\Kickflip70.mov,sbml_unknown_kickflip,unknown,Kickflip,kickflip,flip_trick,True,land,dataset_label,1080,1920,25.95,58,2.23,pass,expansion
sbml_0192,skateboard_ml,data/raw_videos/skateboard_ml\Kickflip\Kickflip71.mov,sbml_unknown_kickflip,unknown,Kickflip,kickflip,flip_trick,True,land,dataset_label,1080,1920,21.98,44,2.0,pass,expansion
sbml_0193,skateboard_ml,data/raw_videos/skateboard_ml\Kickflip\Kickflip72.mov,sbml_unknown_kickflip,unknown,Kickflip,kickflip,flip_trick,True,land,dataset_label,1080,1920,21.41,45,2.1,pass,expansion
sbml_0194,skateboard_ml,data/raw_videos/skateboard_ml\Kickflip\Kickflip73.mov,sbml_unknown_kickflip,unknown,Kickflip,kickflip,flip_trick,True,land,dataset_label,1080,1920,23.73,38,1.6,pass,expansion
sbml_0195,skateboard_ml,data/raw_videos/skateboard_ml\Kickflip\Kickflip74.mov,sbml_unknown_kickflip,unknown,Kickflip,kickflip,flip_trick,True,land,dataset_label,1080,1920,28.55,60,2.1,pass,expansion
sbml_0196,skateboard_ml,data/raw_videos/skateboard_ml\Kickflip\Kickflip75.mov,sbml_unknown_kickflip,unknown,Kickflip,kickflip,flip_trick,True,land,dataset_label,1080,1920,27.66,36,1.3,pass,expansion
sbml_0197,skateboard_ml,data/raw_videos/skateboard_ml\Kickflip\Kickflip76.mov,sbml_unknown_kickflip,unknown,Kickflip,kickflip,flip_trick,True,land,dataset_label,1080,1920,26.18,62,2.37,pass,expansion
sbml_0198,skateboard_ml,data/raw_videos/skateboard_ml\Kickflip\Kickflip77.mov,sbml_unknown_kickflip,unknown,Kickflip,kickflip,flip_trick,True,land,dataset_label,1080,1920,29.97,94,3.14,pass,expansion
sbml_0199,skateboard_ml,data/raw_videos/skateboard_ml\Kickflip\Kickflip78.mov,sbml_unknown_kickflip,unknown,Kickflip,kickflip,flip_trick,True,land,dataset_label,1080,1920,25.36,44,1.73,pass,expansion
sbml_0200,skateboard_ml,data/raw_videos/skateboard_ml\Kickflip\Kickflip79.mov,sbml_unknown_kickflip,unknown,Kickflip,kickflip,flip_trick,True,land,dataset_label,1080,1920,27.51,57,2.07,pass,expansion
sbml_0201,skateboard_ml,data/raw_videos/skateboard_ml\Kickflip\Kickflip8.mov,sbml_unknown_kickflip,unknown,Kickflip,kickflip,flip_trick,True,land,dataset_label,1920,1080,24.38,61,2.5,pass,expansion
sbml_0202,skateboard_ml,data/raw_videos/skateboard_ml\Kickflip\Kickflip80.mov,sbml_unknown_kickflip,unknown,Kickflip,kickflip,flip_trick,True,land,dataset_label,1080,1920,27.12,57,2.1,pass,expansion
sbml_0203,skateboard_ml,data/raw_videos/skateboard_ml\Kickflip\Kickflip81.mov,sbml_unknown_kickflip,unknown,Kickflip,kickflip,flip_trick,True,land,dataset_label,1080,1920,24.19,67,2.77,pass,expansion
sbml_0204,skateboard_ml,data/raw_videos/skateboard_ml\Kickflip\Kickflip82.mov,sbml_unknown_kickflip,unknown,Kickflip,kickflip,flip_trick,True,land,dataset_label,1080,1920,25.92,75,2.89,pass,expansion
sbml_0205,skateboard_ml,data/raw_videos/skateboard_ml\Kickflip\Kickflip83.mov,sbml_unknown_kickflip,unknown,Kickflip,kickflip,flip_trick,True,land,dataset_label,1080,1920,27.46,33,1.2,pass,expansion
sbml_0206,skateboard_ml,data/raw_videos/skateboard_ml\Kickflip\Kickflip84.mov,sbml_unknown_kickflip,unknown,Kickflip,kickflip,flip_trick,True,land,dataset_label,1080,1920,26.79,53,1.98,pass,expansion
sbml_0207,skateboard_ml,data/raw_videos/skateboard_ml\Kickflip\Kickflip85.mov,sbml_unknown_kickflip,unknown,Kickflip,kickflip,flip_trick,True,land,dataset_label,1080,1920,26.24,69,2.63,pass,expansion
sbml_0208,skateboard_ml,data/raw_videos/skateboard_ml\Kickflip\Kickflip86.mov,sbml_unknown_kickflip,unknown,Kickflip,kickflip,flip_trick,True,land,dataset_label,1080,1920,25.29,43,1.7,pass,expansion
sbml_0209,skateboard_ml,data/raw_videos/skateboard_ml\Kickflip\Kickflip87.mov,sbml_unknown_kickflip,unknown,Kickflip,kickflip,flip_trick,True,land,dataset_label,1080,1920,26.89,35,1.3,pass,expansion
sbml_0210,skateboard_ml,data/raw_videos/skateboard_ml\Kickflip\Kickflip88.mov,sbml_unknown_kickflip,unknown,Kickflip,kickflip,flip_trick,True,land,dataset_label,1080,1920,27.83,52,1.87,pass,expansion
sbml_0211,skateboard_ml,data/raw_videos/skateboard_ml\Kickflip\Kickflip89.mov,sbml_unknown_kickflip,unknown,Kickflip,kickflip,flip_trick,True,land,dataset_label,1080,1920,24.61,78,3.17,pass,expansion
sbml_0212,skateboard_ml,data/raw_videos/skateboard_ml\Kickflip\Kickflip9.mov,sbml_unknown_kickflip,unknown,Kickflip,kickflip,flip_trick,True,land,dataset_label,1920,1080,28.71,68,2.37,pass,expansion
sbml_0213,skateboard_ml,data/raw_videos/skateboard_ml\Kickflip\Kickflip90.mov,sbml_unknown_kickflip,unknown,Kickflip,kickflip,flip_trick,True,land,dataset_label,1080,1920,26.4,37,1.4,pass,expansion
sbml_0214,skateboard_ml,data/raw_videos/skateboard_ml\Kickflip\Kickflip91.mov,sbml_unknown_kickflip,unknown,Kickflip,kickflip,flip_trick,True,land,dataset_label,1080,1920,25.88,38,1.47,pass,expansion
sbml_0215,skateboard_ml,data/raw_videos/skateboard_ml\Kickflip\Kickflip92.mov,sbml_unknown_kickflip,unknown,Kickflip,kickflip,flip_trick,True,land,dataset_label,1080,1920,27.74,62,2.23,pass,expansion
sbml_0216,skateboard_ml,data/raw_videos/skateboard_ml\Kickflip\Kickflip93.mov,sbml_unknown_kickflip,unknown,Kickflip,kickflip,flip_trick,True,land,dataset_label,1080,1920,24.7,65,2.63,pass,expansion
sbml_0217,skateboard_ml,data/raw_videos/skateboard_ml\Kickflip\Kickflip94.mov,sbml_unknown_kickflip,unknown,Kickflip,kickflip,flip_trick,True,land,dataset_label,1080,1920,25.16,47,1.87,pass,expansion
sbml_0218,skateboard_ml,data/raw_videos/skateboard_ml\Kickflip\Kickflip95.mov,sbml_unknown_kickflip,unknown,Kickflip,kickflip,flip_trick,True,land,dataset_label,1080,1920,25.81,68,2.64,pass,expansion
sbml_0219,skateboard_ml,data/raw_videos/skateboard_ml\Kickflip\Kickflip96.mov,sbml_unknown_kickflip,unknown,Kickflip,kickflip,flip_trick,True,land,dataset_label,1080,1920,24.97,39,1.56,pass,expansion
sbml_0220,skateboard_ml,data/raw_videos/skateboard_ml\Kickflip\Kickflip97.mov,sbml_unknown_kickflip,unknown,Kickflip,kickflip,flip_trick,True,land,dataset_label,1080,1920,23.42,50,2.13,pass,expansion
sbml_0221,skateboard_ml,data/raw_videos/skateboard_ml\Kickflip\Kickflip98.mov,sbml_unknown_kickflip,unknown,Kickflip,kickflip,flip_trick,True,land,dataset_label,1080,1920,23.43,59,2.52,pass,expansion
sbml_0222,skateboard_ml,data/raw_videos/skateboard_ml\Kickflip\Kickflip99.mov,sbml_unknown_kickflip,unknown,Kickflip,kickflip,flip_trick,True,land,dataset_label,1080,1920,28.06,44,1.57,pass,expansion
