Trick,Trick_Group,Stance_Fakie,Stance_Nollie,Stance_Switch,Spin_Frontside,Spin_Backside,Shuv_Frontside,Shuv_Backside,Flip_Heel,Flip_Kick,Wrap,Late,Pressure,Rotate_Same_Dir,Rotate_Same_Mag,360_Flip,Inward_Flip,Nollie_Spin,Nollie_Shuv
360 Double Flip,360 Double Flip,0,0,0,0,0,0,2,0,4,0,0,0,0,0,1,0,0,0
360 Flip,360 Flip,0,0,0,0,0,0,2,0,2,0,0,0,0,0,1,0,0,0
360 Shuvit,360 Shuvit,0,0,0,0,0,0,2,0,0,0,0,0,0,0,0,0,0,0
540 Shuvit,540 Shuvit,0,0,0,0,0,0,3,0,0,0,0,0,0,0,0,0,0,0
Backside 180 Bigspin,180 Bigspin,0,0,0,0,1,0,2,0,0,0,0,0,1,0,0,0,0,0
Backside 180 Bigspin Kickflip,180 Bigspin with Flip,0,0,0,0,1,0,2,0,2,0,0,0,1,0,1,0,0,0
Backside 180 Heelflip,180 with Flip,0,0,0,0,1,0,1,2,0,0,0,0,1,1,0,1,0,0
Backside 180 Kickflip,180 with Flip,0,0,0,0,1,0,1,0,2,0,0,0,1,1,0,0,0,0
Backside 360,360,0,0,0,0,2,0,2,0,0,0,0,0,1,1,0,0,0,0
Caballerial,360,1,0,0,0,2,0,2,0,0,0,0,0,1,1,0,0,0,0
Caballerial Kickflip,360 with Flip,1,0,0,0,2,0,2,0,2,0,0,0,1,1,1,0,0,0
Fakie 360 Flip,360 Flip,1,0,0,0,0,0,2,0,2,0,0,0,0,0,1,0,0,0
Fakie Backside 180 Bigspin,180 Bigspin,1,0,0,0,1,0,2,0,0,0,0,0,1,0,0,0,0,0
Fakie Backside 180 Bigspin Kickflip,180 Bigspin with Flip,1,0,0,0,1,0,2,0,2,0,0,0,1,0,1,0,0,0
Fakie Frontside 180 Bigspin Heelflip,180 Bigspin with Flip,1,0,0,1,0,2,0,2,0,0,0,0,1,0,0,0,0,0
Fakie Hardflip,180 Flip,1,0,0,0,0,1,0,0,2,0,0,0,0,0,0,1,0,0
Fakie Heelflip,Flip,1,0,0,0,0,0,0,2,0,0,0,0,0,0,0,0,0,0
Fakie Kickflip,Flip,1,0,0,0,0,0,0,0,2,0,0,0,0,0,0,0,0,0
Frontside 180 Bigspin,180 Bigspin,0,0,0,1,0,2,0,0,0,0,0,0,1,0,0,0,0,0
Frontside 180 Bigspin Heelflip,180 Bigspin with Flip,0,0,0,1,0,2,0,2,0,0,0,0,1,0,0,0,0,0
Frontside 180 Kickflip,180 with Flip,0,0,0,1,0,1,0,0,2,0,0,0,1,1,0,1,0,0
Frontside 360,360,0,0,0,2,0,2,0,0,0,0,0,0,1,1,0,0,0,0
Frontside Halfcab Heelflip,180 with Flip,1,0,0,1,0,1,0,2,0,0,0,0,1,1,0,0,0,0
Frontside Halfcab Kickflip,180 with Flip,1,0,0,1,0,1,0,0,2,0,0,0,1,1,0,1,0,0
Frontside Shuvit,Shuvit,0,0,0,0,0,1,0,0,0,0,0,0,0,0,0,0,0,0
Halfcab Heelflip,180 with Flip,1,0,0,0,1,0,1,2,0,0,0,0,1,1,0,1,0,0
Halfcab Kickflip,180 with Flip,1,0,0,0,1,0,1,0,2,0,0,0,1,1,0,0,0,0
Hardflip,180 Flip,0,0,0,0,0,1,0,0,2,0,0,0,0,0,0,1,0,0
Heelflip,Flip,0,0,0,0,0,0,0,2,0,0,0,0,0,0,0,0,0,0
Impossible,Wrap,0,0,0,0,0,0,0,0,0,1,0,0,0,0,0,0,0,0
Impossible Late Flip,Wrap,0,0,0,0,0,0,0,0,2,1,1,0,0,0,0,0,0,0
Inward Heelflip,180 Flip,0,0,0,0,0,0,1,2,0,0,0,0,0,0,0,1,0,0
Kickflip,Flip,0,0,0,0,0,0,0,0,2,0,0,0,0,0,0,0,0,0
Late Pressure Flip,Pressure,0,0,0,0,0,0,1,2,0,0,1,1,0,0,0,1,0,0
Nollie 360 Flip,360 Flip,0,1,0,0,0,0,2,0,2,0,0,0,0,0,1,1,0,2
Nollie Backside 180 Bigspin,180 Bigspin,0,1,0,0,1,0,2,0,0,0,0,0,1,0,0,0,1,2
Nollie Backside 180 Bigspin Heelflip,180 Bigspin with Flip,0,1,0,0,1,0,2,2,0,0,0,0,1,0,0,0,1,2
Nollie Backside 180 Heelflip,180 with Flip,0,1,0,0,1,0,1,2,0,0,0,0,1,1,0,0,1,1
Nollie Backside 180 Kickflip,180 with Flip,0,1,0,0,1,0,1,0,2,0,0,0,1,1,0,1,1,1
Nollie Frontside 180 Bigspin Heelflip,180 Bigspin with Flip,0,1,0,1,0,2,0,2,0,0,0,0,1,0,0,1,1,2
Nollie Frontside 180 Heelflip,180 with Flip,0,1,0,1,0,1,0,2,0,0,0,0,1,1,0,1,1,1
Nollie Frontside 180 Kickflip,180 with Flip,0,1,0,1,0,1,0,0,2,0,0,0,1,1,0,0,1,1
Nollie Frontside 360,360,0,1,0,2,0,2,0,0,0,0,0,0,1,1,0,0,2,2
Nollie Frontside 360 Kickflip,360 with Flip,0,1,0,2,0,2,0,0,2,0,0,0,1,1,0,0,2,2
Nollie Hardflip,180 Flip,0,1,0,0,0,0,1,0,2,0,0,0,0,0,0,1,0,1
Nollie Heelflip,Flip,0,1,0,0,0,0,0,2,0,0,0,0,0,0,0,0,0,0
Nollie Inward Heelflip,180 Flip,0,1,0,0,0,1,0,2,0,0,0,0,0,0,0,1,0,1
Nollie Kickflip,Flip,0,1,0,0,0,0,0,0,2,0,0,0,0,0,0,0,0,0
Nollie Varial Heelflip,180 Flip,0,1,0,0,0,0,1,2,0,0,0,0,0,0,0,0,0,1
Pop Shuvit,Shuvit,0,0,0,0,0,0,1,0,0,0,0,0,0,0,0,0,0,0
Switch 360 Flip,360 Flip,0,0,1,0,0,0,2,0,2,0,0,0,0,0,1,0,0,0
Switch Backside 180 Bigspin,180 Bigspin,0,0,1,0,1,0,2,0,0,0,0,0,1,0,0,0,0,0
Switch Backside 180 Bigspin Kickflip,180 Bigspin with Flip,0,0,1,0,1,0,2,0,2,0,0,0,1,0,1,0,0,0
Switch Backside 180 Heelflip,180 with Flip,0,0,1,0,1,0,1,2,0,0,0,0,1,1,0,1,0,0
Switch Backside 180 Kickflip,180 with Flip,0,0,1,0,1,0,1,0,2,0,0,0,1,1,0,0,0,0
Switch Double Heelflip,Double Flip,0,0,1,0,0,0,0,4,0,0,0,0,0,0,0,0,0,0
Switch Frontside 180 Bigspin,180 Bigspin,0,0,1,1,0,2,0,0,0,0,0,0,1,0,0,0,0,0
Switch Frontside 180 Bigspin Heelflip,180 Bigspin with Flip,0,0,1,1,0,2,0,2,0,0,0,0,1,0,0,0,0,0
Switch Frontside 180 Heelflip,180 with Flip,0,0,1,1,0,1,0,2,0,0,0,0,1,1,0,0,0,0
Switch Frontside 180 Kickflip,180 with Flip,0,0,1,1,0,1,0,0,2,0,0,0,1,1,0,1,0,0
Switch Frontside 360,360,0,0,1,2,0,2,0,0,0,0,0,0,1,1,0,0,0,0
Switch Frontside Shuvit,Shuvit,0,0,1,0,0,1,0,0,0,0,0,0,0,0,0,0,0,0
Switch Hardflip,180 Flip,0,0,1,0,0,1,0,0,2,0,0,0,0,0,0,1,0,0
Switch Heelflip,Flip,0,0,1,0,0,0,0,2,0,0,0,0,0,0,0,0,0,0
Switch Kickflip,Flip,0,0,1,0,0,0,0,0,2,0,0,0,0,0,0,0,0,0
Switch Shuvit,Shuvit,0,0,1,0,0,0,1,0,0,0,0,0,0,0,0,0,0,0
Switch Varial Heelflip,180 Flip,0,0,1,0,0,1,0,2,0,0,0,0,0,0,0,0,0,0
Switch Varial Kickflip,180 Flip,0,0,1,0,0,0,1,0,2,0,0,0,0,0,0,0,0,0
Varial Heelflip,180 Flip,0,0,0,0,0,1,0,2,0,0,0,0,0,0,0,0,0,0
Varial Kickflip,180 Flip,0,0,0,0,0,0,1,0,2,0,0,0,0,0,0,0,0,0
